CPI,UTKZ,UTKX,UTLB,UTKT,ABJS,PLLU,IUQAAMIH,Bank Rate,XUQAERG,XUQAUSG,XUQABK67,retail,wholesale,other,ABJR,UTID,UTIT,UTIL,UTIP,TMMI,BOKI,ELBJ,DYDC,MGRZ,ABMI,NRJR,CPI1,CPI2,CPI3,UTKZ1,UTKZ2,UTKZ3,UTKX1,UTKX2,UTKX3,UTLB1,UTLB2,UTLB3,UTKT1,UTKT2,UTKT3,ABJS1,ABJS2,ABJS3,PLLU1,PLLU2,PLLU3,IUQAAMIH1,IUQAAMIH2,IUQAAMIH3,Bank Rate1,Bank Rate2,Bank Rate3,XUQAERG1,XUQAERG2,XUQAERG3,XUQAUSG1,XUQAUSG2,XUQAUSG3,XUQABK671,XUQABK682,XUQABK693,retail1,retail2,retail3,wholesale1,wholesale2,wholesale3,other1,other2,other3,ABJR1,ABJR2,ABJR3,UTID1,UTID2,UTID3,UTIT1,UTIT2,UTIT3,UTIL1,UTIL2,UTIL3,UTIP1,UTIP2,UTIP3,TMMI1,TMMI2,TMMI3,BOKI1,BOKI2,BOKI3,ELBJ1,ELBJ2,ELBJ3,DYDC1,DYDC2,DYDC3,MGRZ1,MGRZ2,MGRZ3,ABMI1,ABMI2,ABMI3,NRJR1,NRJR2,NRJR3
0.560225555,-9.25E-05,-0.006359179,0.022974439,-0.00588573,0.008026767,0.001207001,0.010687512,-0.033901552,0.021330525,0.016279349,-0.001125072,-0.611,0.714,1.619,0.01019075,0.013975886,0.054610986,-0.005429252,0.012293489,-0.074413897,0.302214743,0.456042583,-0.004068309,-0.000152085,0.009026608,0.014028207,-0.1403509,1.12836176,-0.141743468,0.006420417,-0.009830588,0.011425991,0.00631899,-1.02E-05,0.03007909,-0.0361467,-0.046089,-0.0039606,-0.034900948,-0.02781067,0.04407333,-0.010711332,-0.001399262,0.006741278,-0.002414002,-0.003635624,0.004842624,0.014112913,0.039840904,0.099084837,0.033901552,0.071458964,0.037740328,-0.019953091,0.021562891,-0.04151456,0.025381177,0.011549021,0.012397567,0.021308161,0.012387362,0.02387043,0.15,-0.337,0.696,1.74,1.515,-0.685,0.826,-2.194,3.169,0.014581591,-0.002040419,0.014484927,0.032395331,-0.074197366,0.073908585,0.056693655,0.024202169,-0.037304886,-0.008960972,0.013766263,0.004776263,0.00659949,0.00438752,0.002043886,-0.0530058,-0.144668751,0.245560147,-1.672977836,0,0,-1.84106062,0,0,-0.003040468,-0.001162051,-0.003982705,-0.000867568,0.00022052,-0.002843707,0.007568303,0.010318257,0.004894139,0.015792813,-0.024886663,0.01142457
0,-9.07E-05,0.001556282,0.00770433,0.033305268,0.002640001,-0.001208459,0.02321404,0.033901552,0.022240855,0.015106321,-0.003428813,0.91,-0.068,-0.553,0.015992775,0.123485699,0.036730751,0.001507238,0.001203288,0.238097649,0.090751797,0.089417776,0.006552064,0.003095966,0.007427032,0.003461324,0.560225555,-0.1403509,1.12836176,-9.25E-05,0.006420417,-0.009830588,-0.0063592,0.00631899,-1.02E-05,0.02297444,-0.0361467,-0.046089,-0.00588573,-0.034900948,-0.02781067,0.008026767,-0.010711332,-0.001399262,0.001207001,-0.002414002,-0.003635624,0.010687512,0.014112913,0.039840904,-0.033901552,0.033901552,0.071458964,0.021330525,-0.019953091,0.021562891,0.016279349,0.025381177,0.011549021,-0.001125072,0.021308161,0.012387362,-0.611,0.15,-0.337,0.714,1.74,1.515,1.619,0.826,-2.194,0.01019075,0.014581591,-0.002040419,0.013975886,0.032395331,-0.074197366,0.054610986,0.056693655,0.024202169,-0.005429252,-0.008960972,0.013766263,0.012293489,0.00659949,0.00438752,-0.074413897,-0.0530058,-0.144668751,0.302214743,-1.672977836,0,0.456042583,-1.84106062,0,-0.004068309,-0.003040468,-0.001162051,-0.000152085,-0.000867568,0.00022052,0.009026608,0.007568303,0.010318257,0.014028207,0.015792813,-0.024886663
0.97290552,-0.003209131,-2.20E-05,0.013847314,-0.007150947,-0.004004376,-0.001212849,-0.088714645,-0.105360516,0.016985636,-0.063625501,-0.030188862,0.106,4.148,2.065,-0.002475313,-0.029513312,-0.013874239,-0.005589904,0.001372401,-0.085509701,0.070839215,0.05029487,0.002250828,1.71E-05,0.009682554,0.001210373,0,0.560225555,-0.1403509,-9.07E-05,-9.25E-05,0.006420417,0.00155628,-0.0063592,0.00631899,0.00770433,0.02297444,-0.0361467,0.033305268,-0.00588573,-0.034900948,0.002640001,0.008026767,-0.010711332,-0.001208459,0.001207001,-0.002414002,0.02321404,0.010687512,0.014112913,0.033901552,-0.033901552,0.033901552,0.022240855,0.021330525,-0.019953091,0.015106321,0.016279349,0.025381177,-0.003428813,-0.001125072,0.021308161,0.91,-0.611,0.15,-0.068,0.714,1.74,-0.553,1.619,0.826,0.015992775,0.01019075,0.014581591,0.123485699,0.013975886,0.032395331,0.036730751,0.054610986,0.056693655,0.001507238,-0.005429252,-0.008960972,0.001203288,0.012293489,0.00659949,0.238097649,-0.074413897,-0.0530058,0.090751797,0.302214743,-1.672977836,0.089417776,0.456042583,-1.84106062,0.006552064,-0.004068309,-0.003040468,0.003095966,-0.000152085,-0.000867568,0.007427032,0.009026608,0.007568303,0.003461324,0.014028207,0.015792813
-0.277008487,0.004608505,0.006160564,-0.02522801,-0.004454867,-7.00E-06,0.003632696,-0.18670514,-0.117783036,-0.03577843,0.005912925,0.00091651,0.166,-1.088,5.773,0.018447209,0.024382381,0.045995649,0.006610763,0.01188144,0.001773724,0.155174955,0.229384818,-0.004500838,-0.001498566,0.005634057,-0.021105899,0.97290552,0,0.560225555,-0.003209131,-9.07E-05,-9.25E-05,-2.20E-05,0.00155628,-0.0063592,0.01384731,0.00770433,0.02297444,-0.007150947,0.033305268,-0.00588573,-0.004004376,0.002640001,0.008026767,-0.001212849,-0.001208459,0.001207001,-0.088714645,0.02321404,0.010687512,-0.105360516,0.033901552,-0.033901552,0.016985636,0.022240855,0.021330525,-0.063625501,0.015106321,0.016279349,-0.030188862,-0.003428813,-0.001125072,0.106,0.91,-0.611,4.148,-0.068,0.714,2.065,-0.553,1.619,-0.002475313,0.015992775,0.01019075,-0.029513312,0.123485699,0.013975886,-0.013874239,0.036730751,0.054610986,-0.005589904,0.001507238,-0.005429252,0.001372401,0.001203288,0.012293489,-0.085509701,0.238097649,-0.074413897,0.070839215,0.090751797,0.302214743,0.05029487,0.089417776,0.456042583,0.002250828,0.006552064,-0.004068309,1.71E-05,0.003095966,-0.000152085,0.009682554,0.007427032,0.009026608,0.001210373,0.003461324,0.014028207
0.553251757,-0.017079688,-0.009304767,0.003697959,0.001263334,-0.006607646,0.007227481,-0.090670776,-0.133531393,-0.035155085,0.025593032,0.019434832,0.137,-1.239,-2.034,0.016829125,0.0429916,0.033202821,0.016448783,0.007785189,0.047342462,-0.041242959,0.023817565,0.001773486,-0.000820605,0.000619982,0.054083535,-0.277008487,0.97290552,0,0.004608505,-0.003209131,-9.07E-05,0.00616056,-2.20E-05,0.00155628,-0.025228,0.01384731,0.00770433,-0.004454867,-0.007150947,0.033305268,-7.00E-06,-0.004004376,0.002640001,0.003632696,-0.001212849,-0.001208459,-0.18670514,-0.088714645,0.02321404,-0.117783036,-0.105360516,0.033901552,-0.03577843,0.016985636,0.022240855,0.005912925,-0.063625501,0.015106321,0.00091651,-0.030188862,-0.003428813,0.166,0.106,0.91,-1.088,4.148,-0.068,5.773,2.065,-0.553,0.018447209,-0.002475313,0.015992775,0.024382381,-0.029513312,0.123485699,0.045995649,-0.013874239,0.036730751,0.006610763,-0.005589904,0.001507238,0.01188144,0.001372401,0.001203288,0.001773724,-0.085509701,0.238097649,0.155174955,0.070839215,0.090751797,0.229384818,0.05029487,0.089417776,-0.004500838,0.002250828,0.006552064,-0.001498566,1.71E-05,0.003095966,0.005634057,0.009682554,0.007427032,-0.021105899,0.001210373,0.003461324
-0.553251757,0.003086303,-2.37E-06,0.009400169,-0.007672251,-1.58E-05,-0.008438869,-0.026754516,-0.048790164,-0.014768217,-0.015045094,-0.003918484,1.005,-2.585,-0.454,0.008890153,0.020515525,0.015216283,0.011921914,0.004060835,-0.006297708,-0.015193069,0.024571261,0.005620074,0.002349412,0.017689741,0.002446874,0.553251757,-0.277008487,0.97290552,-0.017079688,0.004608505,-0.003209131,-0.0093048,0.00616056,-2.20E-05,0.00369796,-0.025228,0.01384731,0.001263334,-0.004454867,-0.007150947,-0.006607646,-7.00E-06,-0.004004376,0.007227481,0.003632696,-0.001212849,-0.090670776,-0.18670514,-0.088714645,-0.133531393,-0.117783036,-0.105360516,-0.035155085,-0.03577843,0.016985636,0.025593032,0.005912925,-0.063625501,0.019434832,0.00091651,-0.030188862,0.137,0.166,0.106,-1.239,-1.088,4.148,-2.034,5.773,2.065,0.016829125,0.018447209,-0.002475313,0.0429916,0.024382381,-0.029513312,0.033202821,0.045995649,-0.013874239,0.016448783,0.006610763,-0.005589904,0.007785189,0.01188144,0.001372401,0.047342462,0.001773724,-0.085509701,-0.041242959,0.155174955,0.070839215,0.023817565,0.229384818,0.05029487,0.001773486,-0.004500838,0.002250828,-0.000820605,-0.001498566,1.71E-05,0.000619982,0.005634057,0.009682554,0.054083535,-0.021105899,0.001210373
0.828734025,0.010885314,0.006113867,-4.72E-05,0.023104394,0.007962851,0.00119976,0.065229504,0.09531018,-0.025415403,-0.02431809,0.018738676,-0.094,-0.647,-0.61,0.01210244,0.007405462,0.024440792,-0.012892053,0.017711143,-0.005726485,0.029037053,0.086170845,-0.00379985,-0.000715591,0.013654163,0.02061348,-0.553251757,0.553251757,-0.277008487,0.003086303,-0.017079688,0.004608505,-2.37E-06,-0.0093048,0.00616056,0.00940017,0.00369796,-0.025228,-0.007672251,0.001263334,-0.004454867,-1.58E-05,-0.006607646,-7.00E-06,-0.008438869,0.007227481,0.003632696,-0.026754516,-0.090670776,-0.18670514,-0.048790164,-0.133531393,-0.117783036,-0.014768217,-0.035155085,-0.03577843,-0.015045094,0.025593032,0.005912925,-0.003918484,0.019434832,0.00091651,1.005,0.137,0.166,-2.585,-1.239,-1.088,-0.454,-2.034,5.773,0.008890153,0.016829125,0.018447209,0.020515525,0.0429916,0.024382381,0.015216283,0.033202821,0.045995649,0.011921914,0.016448783,0.006610763,0.004060835,0.007785189,0.01188144,-0.006297708,0.047342462,0.001773724,-0.015193069,-0.041242959,0.155174955,0.024571261,0.023817565,0.229384818,0.005620074,0.001773486,-0.004500838,0.002349412,-0.000820605,-0.001498566,0.017689741,0.000619982,0.005634057,0.002446874,0.054083535,-0.021105899
0,0.012153984,-0.001572101,-0.019042485,-0.015860444,0.003934183,0.001195451,0.081425137,0.044451763,-0.030406438,0.023349699,0.016433158,0.044,0.964,-3.162,0.019031168,0.032404526,0.050568696,0.017320104,0.012042011,0.054915758,0.055528142,0.095808358,-0.007215672,-0.002350768,0.008403925,0.006777803,0.828734025,-0.553251757,0.553251757,0.010885314,0.003086303,-0.017079688,0.00611387,-2.37E-06,-0.0093048,-4.72E-05,0.00940017,0.00369796,0.023104394,-0.007672251,0.001263334,0.007962851,-1.58E-05,-0.006607646,0.00119976,-0.008438869,0.007227481,0.065229504,-0.026754516,-0.090670776,0.09531018,-0.048790164,-0.133531393,-0.025415403,-0.014768217,-0.035155085,-0.02431809,-0.015045094,0.025593032,0.018738676,-0.003918484,0.019434832,-0.094,1.005,0.137,-0.647,-2.585,-1.239,-0.61,-0.454,-2.034,0.01210244,0.008890153,0.016829125,0.007405462,0.020515525,0.0429916,0.024440792,0.015216283,0.033202821,-0.012892053,0.011921914,0.016448783,0.017711143,0.004060835,0.007785189,-0.005726485,-0.006297708,0.047342462,0.029037053,-0.015193069,-0.041242959,0.086170845,0.024571261,0.023817565,-0.00379985,0.005620074,0.001773486,-0.000715591,0.002349412,-0.000820605,0.013654163,0.017689741,0.000619982,0.02061348,0.002446874,0.054083535
0.685403643,-0.016893725,-0.006079046,0.015228501,0.004431276,-0.007915609,0.007128671,0.023046884,0,-0.030268106,0.026435219,-0.012019691,-0.388,-2.534,-0.339,0.002600544,0.021562607,0.02524459,-0.001054914,-0.003718417,0.015948935,0.079440209,0.125208919,0.007138411,0.00240355,0.006094798,0.017320627,0,0.828734025,-0.553251757,0.012153984,0.010885314,0.003086303,-0.0015721,0.00611387,-2.37E-06,-0.0190425,-4.72E-05,0.00940017,-0.015860444,0.023104394,-0.007672251,0.003934183,0.007962851,-1.58E-05,0.001195451,0.00119976,-0.008438869,0.081425137,0.065229504,-0.026754516,0.044451763,0.09531018,-0.048790164,-0.030406438,-0.025415403,-0.014768217,0.023349699,-0.02431809,-0.015045094,0.016433158,0.018738676,-0.003918484,0.044,-0.094,1.005,0.964,-0.647,-2.585,-3.162,-0.61,-0.454,0.019031168,0.01210244,0.008890153,0.032404526,0.007405462,0.020515525,0.050568696,0.024440792,0.015216283,0.017320104,-0.012892053,0.011921914,0.012042011,0.017711143,0.004060835,0.054915758,-0.005726485,-0.006297708,0.055528142,0.029037053,-0.015193069,0.095808358,0.086170845,0.024571261,-0.007215672,-0.00379985,0.005620074,-0.002350768,-0.000715591,0.002349412,0.008403925,0.013654163,0.017689741,0.006777803,0.02061348,0.002446874
-0.547946576,-0.003030305,0.010550211,-0.015472751,-0.00786709,-0.001314925,-0.007157017,0,0,-0.010825872,0.017182952,-0.016426137,0.877,-0.202,6.146,0.009452026,0.017219016,0.030404409,0.001423035,0.006059787,-0.001708915,0.173848234,0.167054085,0.001481965,-0.000704185,0.002802775,0.018256367,0.685403643,0,0.828734025,-0.016893725,0.012153984,0.010885314,-0.006079,-0.0015721,0.00611387,0.0152285,-0.0190425,-4.72E-05,0.004431276,-0.015860444,0.023104394,-0.007915609,0.003934183,0.007962851,0.007128671,0.001195451,0.00119976,0.023046884,0.081425137,0.065229504,0,0.044451763,0.09531018,-0.030268106,-0.030406438,-0.025415403,0.026435219,0.023349699,-0.02431809,-0.012019691,0.016433158,0.018738676,-0.388,0.044,-0.094,-2.534,0.964,-0.647,-0.339,-3.162,-0.61,0.002600544,0.019031168,0.01210244,0.021562607,0.032404526,0.007405462,0.02524459,0.050568696,0.024440792,-0.001054914,0.017320104,-0.012892053,-0.003718417,0.012042011,0.017711143,0.015948935,0.054915758,-0.005726485,0.079440209,0.055528142,0.029037053,0.125208919,0.095808358,0.086170845,0.007138411,-0.007215672,-0.00379985,0.00240355,-0.002350768,-0.000715591,0.006094798,0.008403925,0.013654163,0.017320627,0.006777803,0.02061348
1.36427764,-0.004548909,-0.009052083,0.023970108,-0.001886544,-0.002640255,-0.00118553,0,0.042559614,-0.021061033,0.0305618,0.008027122,-0.064,0.719,0.007,0.010391886,0.040127555,0.023528756,-0.002261061,0.007164889,0.083107911,-0.081082017,-0.127870344,-0.004425792,-0.003380087,0.001662364,0.013407041,-0.547946576,0.685403643,0,-0.003030305,-0.016893725,0.012153984,0.01055021,-0.006079,-0.0015721,-0.0154728,0.0152285,-0.0190425,-0.00786709,0.004431276,-0.015860444,-0.001314925,-0.007915609,0.003934183,-0.007157017,0.007128671,0.001195451,0,0.023046884,0.081425137,0,0,0.044451763,-0.010825872,-0.030268106,-0.030406438,0.017182952,0.026435219,0.023349699,-0.016426137,-0.012019691,0.016433158,0.877,-0.388,0.044,-0.202,-2.534,0.964,6.146,-0.339,-3.162,0.009452026,0.002600544,0.019031168,0.017219016,0.021562607,0.032404526,0.030404409,0.02524459,0.050568696,0.001423035,-0.001054914,0.017320104,0.006059787,-0.003718417,0.012042011,-0.001708915,0.015948935,0.054915758,0.173848234,0.079440209,0.055528142,0.167054085,0.125208919,0.095808358,0.001481965,0.007138411,-0.007215672,-0.000704185,0.00240355,-0.002350768,0.002802775,0.006094798,0.008403925,0.018256367,0.017320627,0.006777803
0,0.024113114,-0.001498128,-0.009674006,0.009327936,0.011849958,-0.00829037,-0.024378079,-0.042559614,0.045212923,0.001761266,-0.020196043,1.966,1.381,-2.365,0.005406028,0.047119916,0.013726204,0.008897405,-0.005506375,0.04131715,0.122254213,0.083561178,-0.001167792,0.002900292,0.013118389,0.007385524,1.36427764,-0.547946576,0.685403643,-0.004548909,-0.003030305,-0.016893725,-0.0090521,0.01055021,-0.006079,0.02397011,-0.0154728,0.0152285,-0.001886544,-0.00786709,0.004431276,-0.002640255,-0.001314925,-0.007915609,-0.00118553,-0.007157017,0.007128671,0,0,0.023046884,0.042559614,0,0,-0.021061033,-0.010825872,-0.030268106,0.0305618,0.017182952,0.026435219,0.008027122,-0.016426137,-0.012019691,-0.064,0.877,-0.388,0.719,-0.202,-2.534,0.007,6.146,-0.339,0.010391886,0.009452026,0.002600544,0.040127555,0.017219016,0.021562607,0.023528756,0.030404409,0.02524459,-0.002261061,0.001423035,-0.001054914,0.007164889,0.006059787,-0.003718417,0.083107911,-0.001708915,0.015948935,-0.081082017,0.173848234,0.079440209,-0.127870344,0.167054085,0.125208919,-0.004425792,0.001481965,0.007138411,-0.003380087,-0.000704185,0.00240355,0.001662364,0.002802775,0.006094798,0.013407041,0.018256367,0.017320627
0.135409635,-0.019564206,0.008941937,0.000613136,0.002339049,-0.007894778,0.010669869,-0.087522294,-0.044451763,-0.027062557,0.035099158,0.011059959,-1.833,-2.176,9.435,0.007669543,-0.005011237,0.039805899,-0.011701514,0.007292935,-0.048795198,0.176952084,0.153091661,0.003356295,0.000353808,0.007838013,-0.003330638,0,1.36427764,-0.547946576,0.024113114,-0.004548909,-0.003030305,-0.0014981,-0.0090521,0.01055021,-0.009674,0.02397011,-0.0154728,0.009327936,-0.001886544,-0.00786709,0.011849958,-0.002640255,-0.001314925,-0.00829037,-0.00118553,-0.007157017,-0.024378079,0,0,-0.042559614,0.042559614,0,0.045212923,-0.021061033,-0.010825872,0.001761266,0.0305618,0.017182952,-0.020196043,0.008027122,-0.016426137,1.966,-0.064,0.877,1.381,0.719,-0.202,-2.365,0.007,6.146,0.005406028,0.010391886,0.009452026,0.047119916,0.040127555,0.017219016,0.013726204,0.023528756,0.030404409,0.008897405,-0.002261061,0.001423035,-0.005506375,0.007164889,0.006059787,0.04131715,0.083107911,-0.001708915,0.122254213,-0.081082017,0.173848234,0.083561178,-0.127870344,0.167054085,-0.001167792,-0.004425792,0.001481965,0.002900292,-0.003380087,-0.000704185,0.013118389,0.001662364,0.002802775,0.007385524,0.013407041,0.018256367
0,0.004460974,-0.008941937,-0.001658778,0.002390885,0,-0.007121669,-0.059540593,-0.146603474,0.010307943,-0.009316961,0.000326471,1.543,3.263,-4.651,0.015815575,0.033805855,0.0230226,0.008905613,0.010916401,0.056617924,-0.09353093,-0.037808475,0.001867278,-0.002747636,0.007422969,0.012074558,0.135409635,0,1.36427764,-0.019564206,0.024113114,-0.004548909,0.00894194,-0.0014981,-0.0090521,0.00061314,-0.009674,0.02397011,0.002339049,0.009327936,-0.001886544,-0.007894778,0.011849958,-0.002640255,0.010669869,-0.00829037,-0.00118553,-0.087522294,-0.024378079,0,-0.044451763,-0.042559614,0.042559614,-0.027062557,0.045212923,-0.021061033,0.035099158,0.001761266,0.0305618,0.011059959,-0.020196043,0.008027122,-1.833,1.966,-0.064,-2.176,1.381,0.719,9.435,-2.365,0.007,0.007669543,0.005406028,0.010391886,-0.005011237,0.047119916,0.040127555,0.039805899,0.013726204,0.023528756,-0.011701514,0.008897405,-0.002261061,0.007292935,-0.005506375,0.007164889,-0.048795198,0.04131715,0.083107911,0.176952084,0.122254213,-0.081082017,0.153091661,0.083561178,-0.127870344,0.003356295,-0.001167792,-0.004425792,0.000353808,0.002900292,-0.003380087,0.007838013,0.013118389,0.001662364,-0.003330638,0.007385524,0.013407041
0.808629743,-0.020916095,-0.007446051,0.002155229,0.008119533,-0.010540282,-0.001206755,-0.177998314,-0.171850257,0.003931588,0.007425052,0.003739747,0.412,1.957,-0.109,0.011657688,0.017940784,0.02726166,0.014608461,0.008122871,0.025739797,-0.060260886,-0.16969461,-0.005525372,0.002881452,0.004445624,0.015264929,0,0.135409635,0,0.004460974,-0.019564206,0.024113114,-0.0089419,0.00894194,-0.0014981,-0.0016588,0.00061314,-0.009674,0.002390885,0.002339049,0.009327936,0,-0.007894778,0.011849958,-0.007121669,0.010669869,-0.00829037,-0.059540593,-0.087522294,-0.024378079,-0.146603474,-0.044451763,-0.042559614,0.010307943,-0.027062557,0.045212923,-0.009316961,0.035099158,0.001761266,0.000326471,0.011059959,-0.020196043,1.543,-1.833,1.966,3.263,-2.176,1.381,-4.651,9.435,-2.365,0.015815575,0.007669543,0.005406028,0.033805855,-0.005011237,0.047119916,0.0230226,0.039805899,0.013726204,0.008905613,-0.011701514,0.008897405,0.010916401,0.007292935,-0.005506375,0.056617924,-0.048795198,0.04131715,-0.09353093,0.176952084,0.122254213,-0.037808475,0.153091661,0.083561178,0.001867278,0.003356295,-0.001167792,-0.002747636,0.000353808,0.002900292,0.007422969,0.007838013,0.013118389,0.012074558,-0.003330638,0.007385524
0.134138182,0.035873207,0.008939703,-0.004823315,-0.008127452,0.019769088,0.003572132,-0.056025828,0,-0.004890745,0.030857416,0.005486206,0.064,-1.27,3.617,0.005151018,0.008329011,0.043720696,-0.005186947,0.000979726,-0.028040143,0.068232665,0.103242075,-0.000230891,-0.003385973,0.004738205,0.00775849,0.808629743,0,0.135409635,-0.020916095,0.004460974,-0.019564206,-0.0074461,-0.0089419,0.00894194,0.00215523,-0.0016588,0.00061314,0.008119533,0.002390885,0.002339049,-0.010540282,0,-0.007894778,-0.001206755,-0.007121669,0.010669869,-0.177998314,-0.059540593,-0.087522294,-0.171850257,-0.146603474,-0.044451763,0.003931588,0.010307943,-0.027062557,0.007425052,-0.009316961,0.035099158,0.003739747,0.000326471,0.011059959,0.412,1.543,-1.833,1.957,3.263,-2.176,-0.109,-4.651,9.435,0.011657688,0.015815575,0.007669543,0.017940784,0.033805855,-0.005011237,0.02726166,0.0230226,0.039805899,0.014608461,0.008905613,-0.011701514,0.008122871,0.010916401,0.007292935,0.025739797,0.056617924,-0.048795198,-0.060260886,-0.09353093,0.176952084,-0.16969461,-0.037808475,0.153091661,-0.005525372,0.001867278,0.003356295,0.002881452,-0.002747636,0.000353808,0.004445624,0.007422969,0.007838013,0.015264929,0.012074558,-0.003330638
0.534760633,-0.013518364,-0.007481694,0.003738405,-0.000843249,-0.009228806,0.007158504,0,0,0.017777706,-0.038121601,-0.009546377,1.525,0.435,-1.478,0.011597397,0.010390656,0.03922314,0.014309726,0.004825815,0.019337208,0.095121503,0.154464602,0.00335869,0.005096512,0.006573438,0.012279413,0.134138182,0.808629743,0,0.035873207,-0.020916095,0.004460974,0.0089397,-0.0074461,-0.0089419,-0.0048233,0.00215523,-0.0016588,-0.008127452,0.008119533,0.002390885,0.019769088,-0.010540282,0,0.003572132,-0.001206755,-0.007121669,-0.056025828,-0.177998314,-0.059540593,0,-0.171850257,-0.146603474,-0.004890745,0.003931588,0.010307943,0.030857416,0.007425052,-0.009316961,0.005486206,0.003739747,0.000326471,0.064,0.412,1.543,-1.27,1.957,3.263,3.617,-0.109,-4.651,0.005151018,0.011657688,0.015815575,0.008329011,0.017940784,0.033805855,0.043720696,0.02726166,0.0230226,-0.005186947,0.014608461,0.008905613,0.000979726,0.008122871,0.010916401,-0.028040143,0.025739797,0.056617924,0.068232665,-0.060260886,-0.09353093,0.103242075,-0.16969461,-0.037808475,-0.000230891,-0.005525372,0.001867278,-0.003385973,0.002881452,-0.002747636,0.004738205,0.004445624,0.007422969,0.00775849,0.015264929,0.012074558
0,0.004341772,0.008986545,-0.000947888,-0.005820453,0.002621233,-0.007152815,0,0,0.024426508,-0.046924738,0.012674857,0.651,2.072,-1.513,0.006887223,0.008778093,0.01982285,0.012196457,0.000617013,-0.019136968,0.006949298,0.006717402,-0.00053539,-0.004809087,0.007551195,-0.003652494,0.534760633,0.134138182,0.808629743,-0.013518364,0.035873207,-0.020916095,-0.0074817,0.0089397,-0.0074461,0.00373841,-0.0048233,0.00215523,-0.000843249,-0.008127452,0.008119533,-0.009228806,0.019769088,-0.010540282,0.007158504,0.003572132,-0.001206755,0,-0.056025828,-0.177998314,0,0,-0.171850257,0.017777706,-0.004890745,0.003931588,-0.038121601,0.030857416,0.007425052,-0.009546377,0.005486206,0.003739747,1.525,0.064,0.412,0.435,-1.27,1.957,-1.478,3.617,-0.109,0.011597397,0.005151018,0.011657688,0.010390656,0.008329011,0.017940784,0.03922314,0.043720696,0.02726166,0.014309726,-0.005186947,0.014608461,0.004825815,0.000979726,0.008122871,0.019337208,-0.028040143,0.025739797,0.095121503,0.068232665,-0.060260886,0.154464602,0.103242075,-0.16969461,0.00335869,-0.000230891,-0.005525372,0.005096512,-0.003385973,0.002881452,0.006573438,0.004738205,0.004445624,0.012279413,0.00775849,0.015264929
0.664454272,-0.002989831,-8.96E-06,0.005531782,0.019799446,0.002600711,0.003567891,0,0,0.010121985,0.001938134,0.005014607,-0.303,-1.448,2.081,0.006490474,0.004690327,0.01217797,0.006090836,0.006033123,-0.008041052,0.134142254,0.162568155,-0.003511771,0.006173405,0.008927805,-0.002212734,0,0.534760633,0.134138182,0.004341772,-0.013518364,0.035873207,0.00898654,-0.0074817,0.0089397,-0.0009479,0.00373841,-0.0048233,-0.005820453,-0.000843249,-0.008127452,0.002621233,-0.009228806,0.019769088,-0.007152815,0.007158504,0.003572132,0,0,-0.056025828,0,0,0,0.024426508,0.017777706,-0.004890745,-0.046924738,-0.038121601,0.030857416,0.012674857,-0.009546377,0.005486206,0.651,1.525,0.064,2.072,0.435,-1.27,-1.513,-1.478,3.617,0.006887223,0.011597397,0.005151018,0.008778093,0.010390656,0.008329011,0.01982285,0.03922314,0.043720696,0.012196457,0.014309726,-0.005186947,0.000617013,0.004825815,0.000979726,-0.019136968,0.019337208,-0.028040143,0.006949298,0.095121503,0.068232665,0.006717402,0.154464602,0.103242075,-0.00053539,0.00335869,-0.000230891,-0.004809087,0.005096512,-0.003385973,0.007551195,0.006573438,0.004738205,-0.003652494,0.012279413,0.00775849
0.132362693,-0.00580762,0.00444544,-0.00497141,-0.014030897,-0.003920708,0.002361223,-0.037390389,-0.064538521,0.042355484,-0.045316316,-0.026162427,-0.509,-0.692,0.441,0.006977555,0.030428011,0.023747741,0.000638988,0.001425278,0.016117272,-0.20136756,-0.204387497,0.002524112,-0.006636398,0.00655188,0.002260783,0.664454272,0,0.534760633,-0.002989831,0.004341772,-0.013518364,-8.96E-06,0.00898654,-0.0074817,0.00553178,-0.0009479,0.00373841,0.019799446,-0.005820453,-0.000843249,0.002600711,0.002621233,-0.009228806,0.003567891,-0.007152815,0.007158504,0,0,0,0,0,0,0.010121985,0.024426508,0.017777706,0.001938134,-0.046924738,-0.038121601,0.005014607,0.012674857,-0.009546377,-0.303,0.651,1.525,-1.448,2.072,0.435,2.081,-1.513,-1.478,0.006490474,0.006887223,0.011597397,0.004690327,0.008778093,0.010390656,0.01217797,0.01982285,0.03922314,0.006090836,0.012196457,0.014309726,0.006033123,0.000617013,0.004825815,-0.008041052,-0.019136968,0.019337208,0.134142254,0.006949298,0.095121503,0.162568155,0.006717402,0.154464602,-0.003511771,-0.00053539,0.00335869,0.006173405,-0.004809087,0.005096512,0.008927805,0.007551195,0.006573438,-0.002212734,-0.003652494,0.012279413
0.52770571,-0.001444044,-0.01040234,0.003999179,-0.010907742,-0.002602473,-0.005922078,-0.027148132,0,0.041608945,-0.041034751,-0.026487461,0.966,0.32,-0.612,0.016488804,0.043611397,0.036119654,0.009314666,0.010864412,0.018497182,0.100871543,0.022935854,0.003748739,0.004900947,0.009421766,0.016207763,0.132362693,0.664454272,0,-0.00580762,-0.002989831,0.004341772,0.00444544,-8.96E-06,0.00898654,-0.0049714,0.00553178,-0.0009479,-0.014030897,0.019799446,-0.005820453,-0.003920708,0.002600711,0.002621233,0.002361223,0.003567891,-0.007152815,-0.037390389,0,0,-0.064538521,0,0,0.042355484,0.010121985,0.024426508,-0.045316316,0.001938134,-0.046924738,-0.026162427,0.005014607,0.012674857,-0.509,-0.303,0.651,-0.692,-1.448,2.072,0.441,2.081,-1.513,0.006977555,0.006490474,0.006887223,0.030428011,0.004690327,0.008778093,0.023747741,0.01217797,0.01982285,0.000638988,0.006090836,0.012196457,0.001425278,0.006033123,0.000617013,0.016117272,-0.008041052,-0.019136968,-0.20136756,0.134142254,0.006949298,-0.204387497,0.162568155,0.006717402,0.002524112,-0.003511771,-0.00053539,-0.006636398,0.006173405,-0.004809087,0.00655188,0.008927805,0.007551195,0.002260783,-0.002212734,-0.003652494
-0.131665588,0.010050336,0.01036932,0.003267473,0.015839557,0.007790552,-1.40E-06,-0.060231366,-0.068992871,-0.003286877,-0.002471193,-0.00253822,1.031,0.754,-0.171,0.0084496,0.017615519,0.024869426,-0.005616566,0.010230349,0.010859133,0.021586655,0.011075194,-9.54E-05,-0.003447265,0.010174253,0.006676163,0.52770571,0.132362693,0.664454272,-0.001444044,-0.00580762,-0.002989831,-0.0104023,0.00444544,-8.96E-06,0.00399918,-0.0049714,0.00553178,-0.010907742,-0.014030897,0.019799446,-0.002602473,-0.003920708,0.002600711,-0.005922078,0.002361223,0.003567891,-0.027148132,-0.037390389,0,0,-0.064538521,0,0.041608945,0.042355484,0.010121985,-0.041034751,-0.045316316,0.001938134,-0.026487461,-0.026162427,0.005014607,0.966,-0.509,-0.303,0.32,-0.692,-1.448,-0.612,0.441,2.081,0.016488804,0.006977555,0.006490474,0.043611397,0.030428011,0.004690327,0.036119654,0.023747741,0.01217797,0.009314666,0.000638988,0.006090836,0.010864412,0.001425278,0.006033123,0.018497182,0.016117272,-0.008041052,0.100871543,-0.20136756,0.134142254,0.022935854,-0.204387497,0.162568155,0.003748739,0.002524112,-0.003511771,0.004900947,-0.006636398,0.006173405,0.009421766,0.00655188,0.008927805,0.016207763,0.002260783,-0.002212734
0.787405643,0.001313423,-0.005928119,-0.005899923,0.007552831,-0.001328014,0.003550998,0.032764241,0.068992871,0.009716661,-0.059755583,0.017898903,-0.541,-0.164,4.82,0.000723358,-0.016835879,0.027159665,-0.000381928,-0.001401825,-0.014276938,0.060574736,0.009382322,-0.004873169,0.000635028,0.008046517,0.00870387,-0.131665588,0.52770571,0.132362693,0.010050336,-0.001444044,-0.00580762,0.01036932,-0.0104023,0.00444544,0.00326747,0.00399918,-0.0049714,0.015839557,-0.010907742,-0.014030897,0.007790552,-0.002602473,-0.003920708,-1.40E-06,-0.005922078,0.002361223,-0.060231366,-0.027148132,-0.037390389,-0.068992871,0,-0.064538521,-0.003286877,0.041608945,0.042355484,-0.002471193,-0.041034751,-0.045316316,-0.00253822,-0.026487461,-0.026162427,1.031,0.966,-0.509,0.754,0.32,-0.692,-0.171,-0.612,0.441,0.0084496,0.016488804,0.006977555,0.017615519,0.043611397,0.030428011,0.024869426,0.036119654,0.023747741,-0.005616566,0.009314666,0.000638988,0.010230349,0.010864412,0.001425278,0.010859133,0.018497182,0.016117272,0.021586655,0.100871543,-0.20136756,0.011075194,0.022935854,-0.204387497,-9.54E-05,0.003748739,0.002524112,-0.003447265,0.004900947,-0.006636398,0.010174253,0.009421766,0.00655188,0.006676163,0.016207763,0.002260783
0.130633591,-0.007135423,0.004399892,-0.000971177,-0.007547905,-0.003875128,-0.002366865,0.068301919,0.064538521,0.014473292,-0.027693588,0.043396351,-0.4,-0.265,1.438,0.01135863,0.026098231,-0.000840955,0.025815082,0.006192321,0.037816406,0.045186594,0.088018439,0.002197037,0.003764005,0.005457855,-0.001419096,0.787405643,-0.131665588,0.52770571,0.001313423,0.010050336,-0.001444044,-0.0059281,0.01036932,-0.0104023,-0.0058999,0.00326747,0.00399918,0.007552831,0.015839557,-0.010907742,-0.001328014,0.007790552,-0.002602473,0.003550998,-1.40E-06,-0.005922078,0.032764241,-0.060231366,-0.027148132,0.068992871,-0.068992871,0,0.009716661,-0.003286877,0.041608945,-0.059755583,-0.002471193,-0.041034751,0.017898903,-0.00253822,-0.026487461,-0.541,1.031,0.966,-0.164,0.754,0.32,4.82,-0.171,-0.612,0.000723358,0.0084496,0.016488804,-0.016835879,0.017615519,0.043611397,0.027159665,0.024869426,0.036119654,-0.000381928,-0.005616566,0.009314666,-0.001401825,0.010230349,0.010864412,-0.014276938,0.010859133,0.018497182,0.060574736,0.021586655,0.100871543,0.009382322,0.011075194,0.022935854,-0.004873169,-9.54E-05,0.003748739,0.000635028,-0.003447265,0.004900947,0.008046517,0.010174253,0.009421766,0.00870387,0.006676163,0.016207763
0.650620382,0.004175075,-0.005873732,0.002440652,-0.016041568,-1.65E-06,0.007067167,0.076580766,0.060624622,-0.021187058,0.029110134,0.006967596,-0.305,-0.331,3.913,0.008418129,-0.010686542,0.020196397,0.000589248,0.01102934,-0.068710346,0.076997004,0.101924969,-0.00110275,-0.005074871,0.003824096,0.016851824,0.130633591,0.787405643,-0.131665588,-0.007135423,0.001313423,0.010050336,0.00439989,-0.0059281,0.01036932,-0.0009712,-0.0058999,0.00326747,-0.007547905,0.007552831,0.015839557,-0.003875128,-0.001328014,0.007790552,-0.002366865,0.003550998,-1.40E-06,0.068301919,0.032764241,-0.060231366,0.064538521,0.068992871,-0.068992871,0.014473292,0.009716661,-0.003286877,-0.027693588,-0.059755583,-0.002471193,0.043396351,0.017898903,-0.00253822,-0.4,-0.541,1.031,-0.265,-0.164,0.754,1.438,4.82,-0.171,0.01135863,0.000723358,0.0084496,0.026098231,-0.016835879,0.017615519,-0.000840955,0.027159665,0.024869426,0.025815082,-0.000381928,-0.005616566,0.006192321,-0.001401825,0.010230349,0.037816406,-0.014276938,0.010859133,0.045186594,0.060574736,0.021586655,0.088018439,0.009382322,0.011075194,0.002197037,-0.004873169,-9.54E-05,0.003764005,0.000635028,-0.003447265,0.005457855,0.008046517,0.010174253,-0.001419096,0.00870387,0.006676163
0.259067502,0.001312141,0.002923979,-0.005311407,0.010902775,0.002559173,-0.002383318,0.098512689,0.111225635,0.008455875,-0.014996004,-0.002192424,2.354,0.141,-1.139,0.005554222,0.025437025,0.003446594,-0.001597977,0.002369816,0.014423327,0.001796485,-0.05884789,-0.000678625,0.001298119,0.001647516,0.011412387,0.650620382,0.130633591,0.787405643,0.004175075,-0.007135423,0.001313423,-0.0058737,0.00439989,-0.0059281,0.00244065,-0.0009712,-0.0058999,-0.016041568,-0.007547905,0.007552831,-1.65E-06,-0.003875128,-0.001328014,0.007067167,-0.002366865,0.003550998,0.076580766,0.068301919,0.032764241,0.060624622,0.064538521,0.068992871,-0.021187058,0.014473292,0.009716661,0.029110134,-0.027693588,-0.059755583,0.006967596,0.043396351,0.017898903,-0.305,-0.4,-0.541,-0.331,-0.265,-0.164,3.913,1.438,4.82,0.008418129,0.01135863,0.000723358,-0.010686542,0.026098231,-0.016835879,0.020196397,-0.000840955,0.027159665,0.000589248,0.025815082,-0.000381928,0.01102934,0.006192321,-0.001401825,-0.068710346,0.037816406,-0.014276938,0.076997004,0.045186594,0.060574736,0.101924969,0.088018439,0.009382322,-0.00110275,0.002197037,-0.004873169,-0.005074871,0.003764005,0.000635028,0.003824096,0.005457855,0.008046517,0.016851824,-0.001419096,0.00870387
0.90148711,-9.35E-05,0.007243139,0.015597475,0.00939407,0.005067886,-2.18E-05,0.020460528,0,0.025887949,-0.052277869,-0.017867156,-0.34,0.384,-2.111,0.004949051,-0.006325742,-0.007318866,0.011731245,0.009521708,0.025332724,-0.010438912,0.007558875,0.003786766,0.003735881,0.002517886,-0.010781398,0.259067502,0.650620382,0.130633591,0.001312141,0.004175075,-0.007135423,0.00292398,-0.0058737,0.00439989,-0.0053114,0.00244065,-0.0009712,0.010902775,-0.016041568,-0.007547905,0.002559173,-1.65E-06,-0.003875128,-0.002383318,0.007067167,-0.002366865,0.098512689,0.076580766,0.068301919,0.111225635,0.060624622,0.064538521,0.008455875,-0.021187058,0.014473292,-0.014996004,0.029110134,-0.027693588,-0.002192424,0.006967596,0.043396351,2.354,-0.305,-0.4,0.141,-0.331,-0.265,-1.139,3.913,1.438,0.005554222,0.008418129,0.01135863,0.025437025,-0.010686542,0.026098231,0.003446594,0.020196397,-0.000840955,-0.001597977,0.000589248,0.025815082,0.002369816,0.01102934,0.006192321,0.014423327,-0.068710346,0.037816406,0.001796485,0.076997004,0.045186594,-0.05884789,0.101924969,0.088018439,-0.000678625,-0.00110275,0.002197037,0.001298119,-0.005074871,0.003764005,0.001647516,0.003824096,0.005457855,0.011412387,0.016851824,-0.001419096
0.511510067,-0.004165028,-0.002967662,-0.015804425,-0.017164728,-0.006379933,-0.004662013,0,0,0.004492763,-0.007800348,0.003835281,-0.886,-1.036,-1.672,0.013086329,0.022388003,0.034672037,0.001472099,0.012830931,-0.035527715,0.070097758,0.055588353,-0.000150345,-0.00138299,0.009434834,-0.000853164,0.90148711,0.259067502,0.650620382,-9.35E-05,0.001312141,0.004175075,0.00724314,0.00292398,-0.0058737,0.01559748,-0.0053114,0.00244065,0.00939407,0.010902775,-0.016041568,0.005067886,0.002559173,-1.65E-06,-2.18E-05,-0.002383318,0.007067167,0.020460528,0.098512689,0.076580766,0,0.111225635,0.060624622,0.025887949,0.008455875,-0.021187058,-0.052277869,-0.014996004,0.029110134,-0.017867156,-0.002192424,0.006967596,-0.34,2.354,-0.305,0.384,0.141,-0.331,-2.111,-1.139,3.913,0.004949051,0.005554222,0.008418129,-0.006325742,0.025437025,-0.010686542,-0.007318866,0.003446594,0.020196397,0.011731245,-0.001597977,0.000589248,0.009521708,0.002369816,0.01102934,0.025332724,0.014423327,-0.068710346,-0.010438912,0.001796485,0.076997004,0.007558875,-0.05884789,0.101924969,0.003786766,-0.000678625,-0.00110275,0.003735881,0.001298119,-0.005074871,0.002517886,0.001647516,0.003824096,-0.010781398,0.011412387,0.016851824
0.508906951,0.002673087,-0.001476979,0.005150002,-0.005468644,-6.39E-06,0.009259325,0,0,-0.019521428,0.028499675,0.008929933,0.045,2.103,-1.691,0.008409714,0.017360008,-0.001850509,0.010335458,0.009168123,0.038335482,0.016411485,-0.0201961,-0.003137146,-0.003585997,0.011029841,0.02567203,0.511510067,0.90148711,0.259067502,-0.004165028,-9.35E-05,0.001312141,-0.0029677,0.00724314,0.00292398,-0.0158044,0.01559748,-0.0053114,-0.017164728,0.00939407,0.010902775,-0.006379933,0.005067886,0.002559173,-0.004662013,-2.18E-05,-0.002383318,0,0.020460528,0.098512689,0,0,0.111225635,0.004492763,0.025887949,0.008455875,-0.007800348,-0.052277869,-0.014996004,0.003835281,-0.017867156,-0.002192424,-0.886,-0.34,2.354,-1.036,0.384,0.141,-1.672,-2.111,-1.139,0.013086329,0.004949051,0.005554222,0.022388003,-0.006325742,0.025437025,0.034672037,-0.007318866,0.003446594,0.001472099,0.011731245,-0.001597977,0.012830931,0.009521708,0.002369816,-0.035527715,0.025332724,0.014423327,0.070097758,-0.010438912,0.001796485,0.055588353,0.007558875,-0.05884789,-0.000150345,0.003786766,-0.000678625,-0.00138299,0.003735881,0.001298119,0.009434834,0.002517886,0.001647516,-0.000853164,-0.010781398,0.011412387
-0.126984144,0.002608232,0.008442066,-0.003713278,0.012134889,0.003760122,-0.001227154,-0.03376363,-0.054067221,-0.005241363,0.016203798,-0.01850775,1.647,-2.226,0.934,0.001893688,0.024504774,0.025161358,-0.01216057,-0.004139373,-0.005429,0.064694453,-0.026616904,0.002855268,0.003913696,0.01163151,0.007189581,0.508906951,0.511510067,0.90148711,0.002673087,-0.004165028,-9.35E-05,-0.001477,-0.0029677,0.00724314,0.00515,-0.0158044,0.01559748,-0.005468644,-0.017164728,0.00939407,-6.39E-06,-0.006379933,0.005067886,0.009259325,-0.004662013,-2.18E-05,0,0,0.020460528,0,0,0,-0.019521428,0.004492763,0.025887949,0.028499675,-0.007800348,-0.052277869,0.008929933,0.003835281,-0.017867156,0.045,-0.886,-0.34,2.103,-1.036,0.384,-1.691,-1.672,-2.111,0.008409714,0.013086329,0.004949051,0.017360008,0.022388003,-0.006325742,-0.001850509,0.034672037,-0.007318866,0.010335458,0.001472099,0.011731245,0.009168123,0.012830931,0.009521708,0.038335482,-0.035527715,0.025332724,0.016411485,0.070097758,-0.010438912,-0.0201961,0.055588353,0.007558875,-0.003137146,-0.000150345,0.003786766,-0.003585997,-0.00138299,0.003735881,0.011029841,0.009434834,0.002517886,0.02567203,-0.000853164,-0.010781398
1.388034903,-0.001435966,-0.004367404,0.008045877,0.007967381,0.001205296,-0.005749066,-0.020303591,0.054067221,-0.004893673,0.021244031,-0.001969423,-0.229,-0.108,3.255,0.007365419,0.001662846,0.02316147,0.021008314,0.004307473,-0.009572255,0.012396396,0.007773592,-0.001566879,-0.006025825,0.01487079,-0.00083994,-0.126984144,0.508906951,0.511510067,0.002608232,0.002673087,-0.004165028,0.00844207,-0.001477,-0.0029677,-0.0037133,0.00515,-0.0158044,0.012134889,-0.005468644,-0.017164728,0.003760122,-6.39E-06,-0.006379933,-0.001227154,0.009259325,-0.004662013,-0.03376363,0,0,-0.054067221,0,0,-0.005241363,-0.019521428,0.004492763,0.016203798,0.028499675,-0.007800348,-0.01850775,0.008929933,0.003835281,1.647,0.045,-0.886,-2.226,2.103,-1.036,0.934,-1.691,-1.672,0.001893688,0.008409714,0.013086329,0.024504774,0.017360008,0.022388003,0.025161358,-0.001850509,0.034672037,-0.01216057,0.010335458,0.001472099,-0.004139373,0.009168123,0.012830931,-0.005429,0.038335482,-0.035527715,0.064694453,0.016411485,0.070097758,-0.026616904,-0.0201961,0.055588353,0.002855268,-0.003137146,-0.000150345,0.003913696,-0.003585997,-0.00138299,0.01163151,0.011029841,0.009434834,0.007189581,0.02567203,-0.000853164
0.62461165,-0.004025336,0.002659769,0.000885471,-0.018793287,-0.002527882,0.002267528,0,0,0.00766401,-0.009372951,-0.007535986,0.414,-0.542,0.437,0.000481148,0.037937969,0.00114411,-0.002920457,-0.005055349,0.008405053,0.067877594,0.054859858,-0.000260003,0.00746099,0.002659591,-0.005741374,1.388034903,-0.126984144,0.508906951,-0.001435966,0.002608232,0.002673087,-0.0043674,0.00844207,-0.001477,0.00804588,-0.0037133,0.00515,0.007967381,0.012134889,-0.005468644,0.001205296,0.003760122,-6.39E-06,-0.005749066,-0.001227154,0.009259325,-0.020303591,-0.03376363,0,0.054067221,-0.054067221,0,-0.004893673,-0.005241363,-0.019521428,0.021244031,0.016203798,0.028499675,-0.001969423,-0.01850775,0.008929933,-0.229,1.647,0.045,-0.108,-2.226,2.103,3.255,0.934,-1.691,0.007365419,0.001893688,0.008409714,0.001662846,0.024504774,0.017360008,0.02316147,0.025161358,-0.001850509,0.021008314,-0.01216057,0.010335458,0.004307473,-0.004139373,0.009168123,-0.009572255,-0.005429,0.038335482,0.012396396,0.064694453,0.016411485,0.007773592,-0.026616904,-0.0201961,-0.001566879,0.002855268,-0.003137146,-0.006025825,0.003913696,-0.003585997,0.01487079,0.01163151,0.011029841,-0.00083994,0.007189581,0.02567203
0.744420311,0.003891311,0.012000832,-0.006475537,0.010652603,0.002435518,0.004488976,0,0,0.015608075,-0.033702033,0.014289317,-0.695,0.835,2.528,0.007799832,0.012859281,0.028139114,0.001340856,0.004442846,-0.011353748,-0.061463274,-0.001914029,0.000654023,-0.003805616,0.002225773,0.016041512,0.62461165,1.388034903,-0.126984144,-0.004025336,-0.001435966,0.002608232,0.00265977,-0.0043674,0.00844207,0.00088547,0.00804588,-0.0037133,-0.018793287,0.007967381,0.012134889,-0.002527882,0.001205296,0.003760122,0.002267528,-0.005749066,-0.001227154,0,-0.020303591,-0.03376363,0,0.054067221,-0.054067221,0.00766401,-0.004893673,-0.005241363,-0.009372951,0.021244031,0.016203798,-0.007535986,-0.001969423,-0.01850775,0.414,-0.229,1.647,-0.542,-0.108,-2.226,0.437,3.255,0.934,0.000481148,0.007365419,0.001893688,0.037937969,0.001662846,0.024504774,0.00114411,0.02316147,0.025161358,-0.002920457,0.021008314,-0.01216057,-0.005055349,0.004307473,-0.004139373,0.008405053,-0.009572255,-0.005429,0.067877594,0.012396396,0.064694453,0.054859858,0.007773592,-0.026616904,-0.000260003,-0.001566879,0.002855268,0.00746099,-0.006025825,0.003913696,0.002659591,0.01487079,0.01163151,-0.005741374,-0.00083994,0.007189581
0.123533061,0.003785181,-0.005840182,-0.001059128,-0.002806549,-5.43E-05,-0.004550264,0.034980969,0.051293294,0.005308127,-0.001589436,0.020797324,0.581,1.26,-0.237,0.006463809,0.000382757,0.019132096,0.010573234,0.005206301,0.006769045,0.110060095,0.114308943,0.001180022,0.000647305,0.000641218,0.008577444,0.744420311,0.62461165,1.388034903,0.003891311,-0.004025336,-0.001435966,0.01200083,0.00265977,-0.0043674,-0.0064755,0.00088547,0.00804588,0.010652603,-0.018793287,0.007967381,0.002435518,-0.002527882,0.001205296,0.004488976,0.002267528,-0.005749066,0,0,-0.020303591,0,0,0.054067221,0.015608075,0.00766401,-0.004893673,-0.033702033,-0.009372951,0.021244031,0.014289317,-0.007535986,-0.001969423,-0.695,0.414,-0.229,0.835,-0.542,-0.108,2.528,0.437,3.255,0.007799832,0.000481148,0.007365419,0.012859281,0.037937969,0.001662846,0.028139114,0.00114411,0.02316147,0.001340856,-0.002920457,0.021008314,0.004442846,-0.005055349,0.004307473,-0.011353748,0.008405053,-0.009572255,-0.061463274,0.067877594,0.012396396,-0.001914029,0.054859858,0.007773592,0.000654023,-0.000260003,-0.001566879,-0.003805616,0.00746099,-0.006025825,0.002225773,0.002659591,0.01487079,0.016041512,-0.005741374,-0.00083994
0.982808894,-0.001437107,-0.021256083,0.017701054,0.024658326,0.001156381,-0.010104183,0.047908964,0,0.004947174,0.001931314,0.013699762,-0.083,0.784,-3.908,-0.002452543,-0.014406069,0.007064287,-0.021016008,0.002005779,0.009632767,-0.035729653,0.001494184,-0.000767152,-0.001580311,0.003520505,-0.004431022,0.123533061,0.744420311,0.62461165,0.003785181,0.003891311,-0.004025336,-0.0058402,0.01200083,0.00265977,-0.0010591,-0.0064755,0.00088547,-0.002806549,0.010652603,-0.018793287,-5.43E-05,0.002435518,-0.002527882,-0.004550264,0.004488976,0.002267528,0.034980969,0,0,0.051293294,0,0,0.005308127,0.015608075,0.00766401,-0.001589436,-0.033702033,-0.009372951,0.020797324,0.014289317,-0.007535986,0.581,-0.695,0.414,1.26,0.835,-0.542,-0.237,2.528,0.437,0.006463809,0.007799832,0.000481148,0.000382757,0.012859281,0.037937969,0.019132096,0.028139114,0.00114411,0.010573234,0.001340856,-0.002920457,0.005206301,0.004442846,-0.005055349,0.006769045,-0.011353748,0.008405053,0.110060095,-0.061463274,0.067877594,0.114308943,-0.001914029,0.054859858,0.001180022,0.000654023,-0.000260003,0.000647305,-0.003805616,0.00746099,0.000641218,0.002225773,0.002659591,0.008577444,0.016041512,-0.005741374
-0.122324174,-0.014064214,0.006593704,-0.023451485,-0.024612538,-0.010921663,0.01234887,0.06604718,0.048790164,0.010463862,0.003792579,0.009671896,0.665,1.701,-2.086,0.010867412,0.024022443,0.030967178,0.00874003,0.006627402,0.017850762,0.114581732,0.117332644,-0.005372301,-0.001746536,0.009900477,0.013991853,0.982808894,0.123533061,0.744420311,-0.001437107,0.003785181,0.003891311,-0.0212561,-0.0058402,0.01200083,0.01770105,-0.0010591,-0.0064755,0.024658326,-0.002806549,0.010652603,0.001156381,-5.43E-05,0.002435518,-0.010104183,-0.004550264,0.004488976,0.047908964,0.034980969,0,0,0.051293294,0,0.004947174,0.005308127,0.015608075,0.001931314,-0.001589436,-0.033702033,0.013699762,0.020797324,0.014289317,-0.083,0.581,-0.695,0.784,1.26,0.835,-3.908,-0.237,2.528,-0.002452543,0.006463809,0.007799832,-0.014406069,0.000382757,0.012859281,0.007064287,0.019132096,0.028139114,-0.021016008,0.010573234,0.001340856,0.002005779,0.005206301,0.004442846,0.009632767,0.006769045,-0.011353748,-0.035729653,0.110060095,-0.061463274,0.001494184,0.114308943,-0.001914029,-0.000767152,0.001180022,0.000654023,-0.001580311,0.000647305,-0.003805616,0.003520505,0.000641218,0.002225773,-0.004431022,0.008577444,0.016041512
1.095567866,0.016480866,0.01041476,0.021633529,-0.001025932,0.012071565,0.004389553,0.032921374,0.046520016,0.019239298,-0.024611527,-0.004719674,-0.295,-1.371,-1.188,0.006639134,0.035053744,0.014980415,-0.016636637,0.00604806,0.00559641,-0.065576579,-0.031993478,0.004275611,0.005059717,0.007190065,0.002775031,-0.122324174,0.982808894,0.123533061,-0.014064214,-0.001437107,0.003785181,0.0065937,-0.0212561,-0.0058402,-0.0234515,0.01770105,-0.0010591,-0.024612538,0.024658326,-0.002806549,-0.010921663,0.001156381,-5.43E-05,0.01234887,-0.010104183,-0.004550264,0.06604718,0.047908964,0.034980969,0.048790164,0,0.051293294,0.010463862,0.004947174,0.005308127,0.003792579,0.001931314,-0.001589436,0.009671896,0.013699762,0.020797324,0.665,-0.083,0.581,1.701,0.784,1.26,-2.086,-3.908,-0.237,0.010867412,-0.002452543,0.006463809,0.024022443,-0.014406069,0.000382757,0.030967178,0.007064287,0.019132096,0.00874003,-0.021016008,0.010573234,0.006627402,0.002005779,0.005206301,0.017850762,0.009632767,0.006769045,0.114581732,-0.035729653,0.110060095,0.117332644,0.001494184,0.114308943,-0.005372301,-0.000767152,0.001180022,-0.001746536,-0.001580311,0.000647305,0.009900477,0.003520505,0.000641218,0.013991853,-0.004431022,0.008577444
0.362538161,-0.005166601,-0.016967344,-0.008516916,-0.026665078,-0.010851457,-0.004508346,0.061227116,0.044451763,0.003501805,-0.027810048,0.001222495,1.943,2.64,0.685,0.01361187,0.032671763,0.013697085,0.025614867,0.005806818,0.047022933,0.131107076,0.013938186,0.001578004,-0.001038251,0.008433648,0.016689024,1.095567866,-0.122324174,0.982808894,0.016480866,-0.014064214,-0.001437107,0.01041476,0.0065937,-0.0212561,0.02163353,-0.0234515,0.01770105,-0.001025932,-0.024612538,0.024658326,0.012071565,-0.010921663,0.001156381,0.004389553,0.01234887,-0.010104183,0.032921374,0.06604718,0.047908964,0.046520016,0.048790164,0,0.019239298,0.010463862,0.004947174,-0.024611527,0.003792579,0.001931314,-0.004719674,0.009671896,0.013699762,-0.295,0.665,-0.083,-1.371,1.701,0.784,-1.188,-2.086,-3.908,0.006639134,0.010867412,-0.002452543,0.035053744,0.024022443,-0.014406069,0.014980415,0.030967178,0.007064287,-0.016636637,0.00874003,-0.021016008,0.00604806,0.006627402,0.002005779,0.00559641,0.017850762,0.009632767,-0.065576579,0.114581732,-0.035729653,-0.031993478,0.117332644,0.001494184,0.004275611,-0.005372301,-0.000767152,0.005059717,-0.001746536,-0.001580311,0.007190065,0.009900477,0.003520505,0.002775031,0.013991853,-0.004431022
2.029920447,-0.008766493,0.023190152,0.0037834,0.049166193,0.009579467,0.009733899,-0.008892215,-0.044451763,0.028398723,-0.047794112,-0.027274837,-1.58,-2.847,4.345,-0.000291086,0.018250923,0.005088422,-0.002154625,0.000983054,0.003333487,-0.062188277,-0.022131998,-0.003143616,0.001951879,0.008286203,-0.001401085,0.362538161,1.095567866,-0.122324174,-0.005166601,0.016480866,-0.014064214,-0.0169673,0.01041476,0.0065937,-0.0085169,0.02163353,-0.0234515,-0.026665078,-0.001025932,-0.024612538,-0.010851457,0.012071565,-0.010921663,-0.004508346,0.004389553,0.01234887,0.061227116,0.032921374,0.06604718,0.044451763,0.046520016,0.048790164,0.003501805,0.019239298,0.010463862,-0.027810048,-0.024611527,0.003792579,0.001222495,-0.004719674,0.009671896,1.943,-0.295,0.665,2.64,-1.371,1.701,0.685,-1.188,-2.086,0.01361187,0.006639134,0.010867412,0.032671763,0.035053744,0.024022443,0.013697085,0.014980415,0.030967178,0.025614867,-0.016636637,0.00874003,0.005806818,0.00604806,0.006627402,0.047022933,0.00559641,0.017850762,0.131107076,-0.065576579,0.114581732,0.013938186,-0.031993478,0.117332644,0.001578004,0.004275611,-0.005372301,-0.001038251,0.005059717,-0.001746536,0.008433648,0.007190065,0.009900477,0.016689024,0.002775031,0.013991853
1.291855899,0.017305747,0.000832142,-0.024052085,-0.022922887,0.006997555,0.002923407,-0.060277429,-0.046520016,0.021709871,-0.024790984,-0.057541025,0.494,-2.143,4.32,0.000498952,0.008528006,0.028889647,-0.010434563,-0.002864081,0.005739926,0.05615341,-0.003032303,0.000463739,-0.001643548,0.003553781,-0.016076233,2.029920447,0.362538161,1.095567866,-0.008766493,-0.005166601,0.016480866,0.02319015,-0.0169673,0.01041476,0.0037834,-0.0085169,0.02163353,0.049166193,-0.026665078,-0.001025932,0.009579467,-0.010851457,0.012071565,0.009733899,-0.004508346,0.004389553,-0.008892215,0.061227116,0.032921374,-0.044451763,0.044451763,0.046520016,0.028398723,0.003501805,0.019239298,-0.047794112,-0.027810048,-0.024611527,-0.027274837,0.001222495,-0.004719674,-1.58,1.943,-0.295,-2.847,2.64,-1.371,4.345,0.685,-1.188,-0.000291086,0.01361187,0.006639134,0.018250923,0.032671763,0.035053744,0.005088422,0.013697085,0.014980415,-0.002154625,0.025614867,-0.016636637,0.000983054,0.005806818,0.00604806,0.003333487,0.047022933,0.00559641,-0.062188277,0.131107076,-0.065576579,-0.022131998,0.013938186,-0.031993478,-0.003143616,0.001578004,0.004275611,0.001951879,-0.001038251,0.005059717,0.008286203,0.008433648,0.007190065,-0.001401085,0.016689024,0.002775031
0.116618089,-0.007549572,0.015298943,0.020120863,-0.006958854,-0.006029958,0.011016977,-0.063010842,-0.048790164,0.031810988,-0.015419516,-0.029876859,-1.656,-1.554,3.225,-0.006453575,-0.004146695,0.008469946,-0.005311654,-0.006638169,-0.0537344,0.034645836,-0.015233955,0.00027633,-0.002365626,-0.007429046,0.00969444,1.291855899,2.029920447,0.362538161,0.017305747,-0.008766493,-0.005166601,0.00083214,0.02319015,-0.0169673,-0.0240521,0.0037834,-0.0085169,-0.022922887,0.049166193,-0.026665078,0.006997555,0.009579467,-0.010851457,0.002923407,0.009733899,-0.004508346,-0.060277429,-0.008892215,0.061227116,-0.046520016,-0.044451763,0.044451763,0.021709871,0.028398723,0.003501805,-0.024790984,-0.047794112,-0.027810048,-0.057541025,-0.027274837,0.001222495,0.494,-1.58,1.943,-2.143,-2.847,2.64,4.32,4.345,0.685,0.000498952,-0.000291086,0.01361187,0.008528006,0.018250923,0.032671763,0.028889647,0.005088422,0.013697085,-0.010434563,-0.002154625,0.025614867,-0.002864081,0.000983054,0.005806818,0.005739926,0.003333487,0.047022933,0.05615341,-0.062188277,0.131107076,-0.003032303,-0.022131998,0.013938186,0.000463739,-0.003143616,0.001578004,-0.001643548,0.001951879,-0.001038251,0.003553781,0.008286203,0.008433648,-0.016076233,-0.001401085,0.016689024
-0.46729057,0.001106937,-0.002461769,-0.002978147,0.006609137,0.003363725,-0.013962629,-0.0055446,-0.105360516,-0.009569917,0.034186249,-0.015145759,1.048,-0.535,-1.097,-0.01227784,-0.031214069,0.009327669,-0.020181591,-0.012124241,-0.104343973,-0.101269597,-0.119325987,-0.002722447,-0.006068387,-0.016605857,-0.006736582,0.116618089,1.291855899,2.029920447,-0.007549572,0.017305747,-0.008766493,0.01529894,0.00083214,0.02319015,0.02012086,-0.0240521,0.0037834,-0.006958854,-0.022922887,0.049166193,-0.006029958,0.006997555,0.009579467,0.011016977,0.002923407,0.009733899,-0.063010842,-0.060277429,-0.008892215,-0.048790164,-0.046520016,-0.044451763,0.031810988,0.021709871,0.028398723,-0.015419516,-0.024790984,-0.047794112,-0.029876859,-0.057541025,-0.027274837,-1.656,0.494,-1.58,-1.554,-2.143,-2.847,3.225,4.32,4.345,-0.006453575,0.000498952,-0.000291086,-0.004146695,0.008528006,0.018250923,0.008469946,0.028889647,0.005088422,-0.005311654,-0.010434563,-0.002154625,-0.006638169,-0.002864081,0.000983054,-0.0537344,0.005739926,0.003333487,0.034645836,0.05615341,-0.062188277,-0.015233955,-0.003032303,-0.022131998,0.00027633,0.000463739,-0.003143616,-0.002365626,-0.001643548,0.001951879,-0.007429046,0.003553781,0.008286203,0.00969444,-0.016076233,-0.001401085
1.164157502,0.008162432,-0.035424179,-0.017105266,-0.006171342,-0.004704971,-0.030598287,-0.395356374,-0.405465108,-0.051010237,0.069383398,-0.087551413,0.256,-2.301,-6.192,-0.017072769,-0.024776348,0.009921155,-0.012923771,-0.01815304,-0.066586635,0.00113846,-0.01898574,-0.00500135,0.003029563,-0.021954383,0.001749418,-0.46729057,0.116618089,1.291855899,0.001106937,-0.007549572,0.017305747,-0.0024618,0.01529894,0.00083214,-0.0029781,0.02012086,-0.0240521,0.006609137,-0.006958854,-0.022922887,0.003363725,-0.006029958,0.006997555,-0.013962629,0.011016977,0.002923407,-0.0055446,-0.063010842,-0.060277429,-0.105360516,-0.048790164,-0.046520016,-0.009569917,0.031810988,0.021709871,0.034186249,-0.015419516,-0.024790984,-0.015145759,-0.029876859,-0.057541025,1.048,-1.656,0.494,-0.535,-1.554,-2.143,-1.097,3.225,4.32,-0.01227784,-0.006453575,0.000498952,-0.031214069,-0.004146695,0.008528006,0.009327669,0.008469946,0.028889647,-0.020181591,-0.005311654,-0.010434563,-0.012124241,-0.006638169,-0.002864081,-0.104343973,-0.0537344,0.005739926,-0.101269597,0.034645836,0.05615341,-0.119325987,-0.015233955,-0.003032303,-0.002722447,0.00027633,0.000463739,-0.006068387,-0.002365626,-0.001643548,-0.016605857,-0.007429046,0.003553781,-0.006736582,0.00969444,-0.016076233
0.577035646,-0.040454936,0.005802495,0.013779191,0.018990059,-0.017157999,0.008092178,-1.145115334,-0.693147181,0.019804292,0.012541298,-0.075063088,-0.235,-1.732,-6.612,-0.007839672,-0.047433794,0.004307257,-0.009307391,0.003857151,-0.042890673,0.024146314,0.033829704,2.58E-05,-0.003741932,-0.016765265,-0.007969726,1.164157502,-0.46729057,0.116618089,0.008162432,0.001106937,-0.007549572,-0.0354242,-0.0024618,0.01529894,-0.0171053,-0.0029781,0.02012086,-0.006171342,0.006609137,-0.006958854,-0.004704971,0.003363725,-0.006029958,-0.030598287,-0.013962629,0.011016977,-0.395356374,-0.0055446,-0.063010842,-0.405465108,-0.105360516,-0.048790164,-0.051010237,-0.009569917,0.031810988,0.069383398,0.034186249,-0.015419516,-0.087551413,-0.015145759,-0.029876859,0.256,1.048,-1.656,-2.301,-0.535,-1.554,-6.192,-1.097,3.225,-0.017072769,-0.01227784,-0.006453575,-0.024776348,-0.031214069,-0.004146695,0.009921155,0.009327669,0.008469946,-0.012923771,-0.020181591,-0.005311654,-0.01815304,-0.012124241,-0.006638169,-0.066586635,-0.104343973,-0.0537344,0.00113846,-0.101269597,0.034645836,-0.01898574,-0.119325987,-0.015233955,-0.00500135,-0.002722447,0.00027633,0.003029563,-0.006068387,-0.002365626,-0.021954383,-0.016605857,-0.007429046,0.001749418,-0.006736582,0.00969444
0.802296567,0.025032999,0.002280063,0.00400146,0.013985228,0.011449594,0.010302934,-0.762113385,-0.405465108,0.012418263,-0.028913512,0.043025723,-0.358,-1.291,0.301,-0.012614099,0.023388718,-0.003468281,-0.003275772,-0.023462368,0.082619369,-0.050150545,0.010953336,-9.96E-05,-0.00404478,-0.001897408,0.030325097,0.577035646,1.164157502,-0.46729057,-0.040454936,0.008162432,0.001106937,0.00580249,-0.0354242,-0.0024618,0.01377919,-0.0171053,-0.0029781,0.018990059,-0.006171342,0.006609137,-0.017157999,-0.004704971,0.003363725,0.008092178,-0.030598287,-0.013962629,-1.145115334,-0.395356374,-0.0055446,-0.693147181,-0.405465108,-0.105360516,0.019804292,-0.051010237,-0.009569917,0.012541298,0.069383398,0.034186249,-0.075063088,-0.087551413,-0.015145759,-0.235,0.256,1.048,-1.732,-2.301,-0.535,-6.612,-6.192,-1.097,-0.007839672,-0.017072769,-0.01227784,-0.047433794,-0.024776348,-0.031214069,0.004307257,0.009921155,0.009327669,-0.009307391,-0.012923771,-0.020181591,0.003857151,-0.01815304,-0.012124241,-0.042890673,-0.066586635,-0.104343973,0.024146314,0.00113846,-0.101269597,0.033829704,-0.01898574,-0.119325987,2.58E-05,-0.00500135,-0.002722447,-0.003741932,0.003029563,-0.006068387,-0.016765265,-0.021954383,-0.016605857,-0.007969726,0.001749418,-0.006736582
0.682596507,-0.007207215,-0.001189768,0.011294204,-0.051360429,-0.004592425,-0.002068218,0,-0.693147181,0.008461827,-0.050476672,0.019552752,1.538,0.258,-3.02,0.006691016,0.058332607,-0.003159813,-0.00204085,0.008442311,0.146559457,-0.037891253,-0.120224184,0.002179527,0.008927179,0.001421644,0.00232574,0.802296567,0.577035646,1.164157502,0.025032999,-0.040454936,0.008162432,0.00228006,0.00580249,-0.0354242,0.00400146,0.01377919,-0.0171053,0.013985228,0.018990059,-0.006171342,0.011449594,-0.017157999,-0.004704971,0.010302934,0.008092178,-0.030598287,-0.762113385,-1.145115334,-0.395356374,-0.405465108,-0.693147181,-0.405465108,0.012418263,0.019804292,-0.051010237,-0.028913512,0.012541298,0.069383398,0.043025723,-0.075063088,-0.087551413,-0.358,-0.235,0.256,-1.291,-1.732,-2.301,0.301,-6.612,-6.192,-0.012614099,-0.007839672,-0.017072769,0.023388718,-0.047433794,-0.024776348,-0.003468281,0.004307257,0.009921155,-0.003275772,-0.009307391,-0.012923771,-0.023462368,0.003857151,-0.01815304,0.082619369,-0.042890673,-0.066586635,-0.050150545,0.024146314,0.00113846,0.010953336,0.033829704,-0.01898574,-9.96E-05,2.58E-05,-0.00500135,-0.00404478,-0.003741932,0.003029563,-0.001897408,-0.016765265,-0.021954383,0.030325097,-0.007969726,0.001749418
1.239452487,0.002399513,0.002237495,-0.015457179,0.07372686,0.005738556,0.005105657,0,0,0.015973943,-0.034778117,-0.031087122,-0.781,-0.911,-1.74,0.007871615,0.04556853,0.016055026,0.002391202,0.000393798,0.114297324,0.007925044,0.175700533,-0.000492249,0.001753611,0.003455795,0.003193095,0.682596507,0.802296567,0.577035646,-0.007207215,0.025032999,-0.040454936,-0.0011898,0.00228006,0.00580249,0.0112942,0.00400146,0.01377919,-0.051360429,0.013985228,0.018990059,-0.004592425,0.011449594,-0.017157999,-0.002068218,0.010302934,0.008092178,0,-0.762113385,-1.145115334,-0.693147181,-0.405465108,-0.693147181,0.008461827,0.012418263,0.019804292,-0.050476672,-0.028913512,0.012541298,0.019552752,0.043025723,-0.075063088,1.538,-0.358,-0.235,0.258,-1.291,-1.732,-3.02,0.301,-6.612,0.006691016,-0.012614099,-0.007839672,0.058332607,0.023388718,-0.047433794,-0.003159813,-0.003468281,0.004307257,-0.00204085,-0.003275772,-0.009307391,0.008442311,-0.023462368,0.003857151,0.146559457,0.082619369,-0.042890673,-0.037891253,-0.050150545,0.024146314,-0.120224184,0.010953336,0.033829704,0.002179527,-9.96E-05,2.58E-05,0.008927179,-0.00404478,-0.003741932,0.001421644,-0.001897408,-0.016765265,0.00232574,0.030325097,-0.007969726
0.33538321,-0.003626833,0.00554555,0.019610686,-0.012884181,-1.18E-05,-0.001063576,0,0,-0.041167261,0.025360607,-0.009614593,0.626,-1.17,-0.714,-0.009233944,-0.086654121,0.010782938,0.002830161,-0.00403762,-0.188040798,0.036345297,0.07458037,0.005456005,-0.004197481,0.004499748,-0.01684441,1.239452487,0.682596507,0.802296567,0.002399513,-0.007207215,0.025032999,0.00223749,-0.0011898,0.00228006,-0.0154572,0.0112942,0.00400146,0.07372686,-0.051360429,0.013985228,0.005738556,-0.004592425,0.011449594,0.005105657,-0.002068218,0.010302934,0,0,-0.762113385,0,-0.693147181,-0.405465108,0.015973943,0.008461827,0.012418263,-0.034778117,-0.050476672,-0.028913512,-0.031087122,0.019552752,0.043025723,-0.781,1.538,-0.358,-0.911,0.258,-1.291,-1.74,-3.02,0.301,0.007871615,0.006691016,-0.012614099,0.04556853,0.058332607,0.023388718,0.016055026,-0.003159813,-0.003468281,0.002391202,-0.00204085,-0.003275772,0.000393798,0.008442311,-0.023462368,0.114297324,0.146559457,0.082619369,0.007925044,-0.037891253,-0.050150545,0.175700533,-0.120224184,0.010953336,-0.000492249,0.002179527,-9.96E-05,0.001753611,0.008927179,-0.00404478,0.003455795,0.001421644,-0.001897408,0.003193095,0.00232574,0.030325097
0.999453072,0.018060224,-0.005714237,-0.009293846,-0.019651099,0.006791019,0.00698766,0,0,-0.055156134,0.034027288,0.003494291,0.055,2.131,-0.804,0.017642341,-0.006937406,0.012210164,0.012496415,0.029085478,-0.064992139,0.090255124,0.086677406,0.001013392,0.009213589,0.008551502,-0.000972468,0.33538321,1.239452487,0.682596507,-0.003626833,0.002399513,-0.007207215,0.00554555,0.00223749,-0.0011898,0.01961069,-0.0154572,0.0112942,-0.012884181,0.07372686,-0.051360429,-1.18E-05,0.005738556,-0.004592425,-0.001063576,0.005105657,-0.002068218,0,0,0,0,0,-0.693147181,-0.041167261,0.015973943,0.008461827,0.025360607,-0.034778117,-0.050476672,-0.009614593,-0.031087122,0.019552752,0.626,-0.781,1.538,-1.17,-0.911,0.258,-0.714,-1.74,-3.02,-0.009233944,0.007871615,0.006691016,-0.086654121,0.04556853,0.058332607,0.010782938,0.016055026,-0.003159813,0.002830161,0.002391202,-0.00204085,-0.00403762,0.000393798,0.008442311,-0.188040798,0.114297324,0.146559457,0.036345297,0.007925044,-0.037891253,0.07458037,0.175700533,-0.120224184,0.005456005,-0.000492249,0.002179527,-0.004197481,0.001753611,0.008927179,0.004499748,0.003455795,0.001421644,-0.01684441,0.003193095,0.00232574
1.426244692,-0.009651476,0.002139859,-0.005169031,-0.019366122,-0.007964217,-0.011087237,0,0,-0.017917052,-0.030565528,0.02308253,0.451,0.297,0.9,0.000100272,-0.011435631,0.02589843,-0.0261323,0.002941522,-0.069168275,0.058756891,-0.098705769,-0.003805796,0.000438947,0.00576559,0.008805732,0.999453072,0.33538321,1.239452487,0.018060224,-0.003626833,0.002399513,-0.0057142,0.00554555,0.00223749,-0.0092938,0.01961069,-0.0154572,-0.019651099,-0.012884181,0.07372686,0.006791019,-1.18E-05,0.005738556,0.00698766,-0.001063576,0.005105657,0,0,0,0,0,0,-0.055156134,-0.041167261,0.015973943,0.034027288,0.025360607,-0.034778117,0.003494291,-0.009614593,-0.031087122,0.055,0.626,-0.781,2.131,-1.17,-0.911,-0.804,-0.714,-1.74,0.017642341,-0.009233944,0.007871615,-0.006937406,-0.086654121,0.04556853,0.012210164,0.010782938,0.016055026,0.012496415,0.002830161,0.002391202,0.029085478,-0.00403762,0.000393798,-0.064992139,-0.188040798,0.114297324,0.090255124,0.036345297,0.007925044,0.086677406,0.07458037,0.175700533,0.001013392,0.005456005,-0.000492249,0.009213589,-0.004197481,0.001753611,0.008551502,0.004499748,0.003455795,-0.000972468,-0.01684441,0.003193095
1.620781023,0.007079473,0.003161282,0.018556918,0.015518271,0.007838093,0.006943935,0,0,0.022144541,-0.038053314,-0.018108569,-0.89,-1.311,1.672,-0.008515893,0.037590792,-0.01372137,0.017739673,-0.021935837,0.074491967,0.018816535,0.121555202,0.003298326,-0.008667688,0.001301803,-0.012390481,1.426244692,0.999453072,0.33538321,-0.009651476,0.018060224,-0.003626833,0.00213986,-0.0057142,0.00554555,-0.005169,-0.0092938,0.01961069,-0.019366122,-0.019651099,-0.012884181,-0.007964217,0.006791019,-1.18E-05,-0.011087237,0.00698766,-0.001063576,0,0,0,0,0,0,-0.017917052,-0.055156134,-0.041167261,-0.030565528,0.034027288,0.025360607,0.02308253,0.003494291,-0.009614593,0.451,0.055,0.626,0.297,2.131,-1.17,0.9,-0.804,-0.714,0.000100272,0.017642341,-0.009233944,-0.011435631,-0.006937406,-0.086654121,0.02589843,0.012210164,0.010782938,-0.0261323,0.012496415,0.002830161,0.002941522,0.029085478,-0.00403762,-0.069168275,-0.064992139,-0.188040798,0.058756891,0.090255124,0.036345297,-0.098705769,0.086677406,0.07458037,-0.003805796,0.001013392,0.005456005,0.000438947,0.009213589,-0.004197481,0.00576559,0.008551502,0.004499748,0.008805732,-0.000972468,-0.01684441
0.534474816,-0.002446105,0.023112065,-0.007253894,0.025024416,0.004309251,0.009676925,0,0,-0.006636187,-0.01330539,0.006488528,0.116,-1.215,4.129,-0.004851285,-0.020186099,-0.018166606,-0.022935831,0.007426237,-0.050304531,-0.219891643,-0.20671301,0.001641851,0.006060014,0.007467922,-0.020149748,1.620781023,1.426244692,0.999453072,0.007079473,-0.009651476,0.018060224,0.00316128,0.00213986,-0.0057142,0.01855692,-0.005169,-0.0092938,0.015518271,-0.019366122,-0.019651099,0.007838093,-0.007964217,0.006791019,0.006943935,-0.011087237,0.00698766,0,0,0,0,0,0,0.022144541,-0.017917052,-0.055156134,-0.038053314,-0.030565528,0.034027288,-0.018108569,0.02308253,0.003494291,-0.89,0.451,0.055,-1.311,0.297,2.131,1.672,0.9,-0.804,-0.008515893,0.000100272,0.017642341,0.037590792,-0.011435631,-0.006937406,-0.01372137,0.02589843,0.012210164,0.017739673,-0.0261323,0.012496415,-0.021935837,0.002941522,0.029085478,0.074491967,-0.069168275,-0.064992139,0.018816535,0.058756891,0.090255124,0.121555202,-0.098705769,0.086677406,0.003298326,-0.003805796,0.001013392,-0.008667688,0.000438947,0.009213589,0.001301803,0.00576559,0.008551502,-0.012390481,0.008805732,-0.000972468
0.954914418,0.003403343,-0.020644134,-0.006123505,-0.035551673,-0.002376105,-0.000340335,0,0,0.026583256,-0.026085593,-0.01725786,-1.022,0.521,1.022,-0.005319955,-0.007037066,0.015307991,-0.009428205,-0.003867677,-0.010665271,0.110782909,-0.019418086,-0.00613838,-0.003778191,0.001475625,0.008280456,0.534474816,1.620781023,1.426244692,-0.002446105,0.007079473,-0.009651476,0.02311207,0.00316128,0.00213986,-0.0072539,0.01855692,-0.005169,0.025024416,0.015518271,-0.019366122,0.004309251,0.007838093,-0.007964217,0.009676925,0.006943935,-0.011087237,0,0,0,0,0,0,-0.006636187,0.022144541,-0.017917052,-0.01330539,-0.038053314,-0.030565528,0.006488528,-0.018108569,0.02308253,0.116,-0.89,0.451,-1.215,-1.311,0.297,4.129,1.672,0.9,-0.004851285,-0.008515893,0.000100272,-0.020186099,0.037590792,-0.011435631,-0.018166606,-0.01372137,0.02589843,-0.022935831,0.017739673,-0.0261323,0.007426237,-0.021935837,0.002941522,-0.050304531,0.074491967,-0.069168275,-0.219891643,0.018816535,0.058756891,-0.20671301,0.121555202,-0.098705769,0.001641851,0.003298326,-0.003805796,0.006060014,-0.008667688,0.000438947,0.007467922,0.001301803,0.00576559,-0.020149748,-0.012390481,0.008805732
0.421496936,-0.010460464,0.004819511,0.002037698,-0.005923026,-0.006608508,-0.01257509,0,0,-0.025186599,-0.005612911,-0.002763255,0.445,-0.341,-3.501,0.002124826,0.019962946,0.004493876,0.008295023,0.00014013,0.039828273,0.162816504,-0.004731583,0.009795128,-0.005856972,0.002688034,0.002659008,0.954914418,0.534474816,1.620781023,0.003403343,-0.002446105,0.007079473,-0.0206441,0.02311207,0.00316128,-0.0061235,-0.0072539,0.01855692,-0.035551673,0.025024416,0.015518271,-0.002376105,0.004309251,0.007838093,-0.000340335,0.009676925,0.006943935,0,0,0,0,0,0,0.026583256,-0.006636187,0.022144541,-0.026085593,-0.01330539,-0.038053314,-0.01725786,0.006488528,-0.018108569,-1.022,0.116,-0.89,0.521,-1.215,-1.311,1.022,4.129,1.672,-0.005319955,-0.004851285,-0.008515893,-0.007037066,-0.020186099,0.037590792,0.015307991,-0.018166606,-0.01372137,-0.009428205,-0.022935831,0.017739673,-0.003867677,0.007426237,-0.021935837,-0.010665271,-0.050304531,0.074491967,0.110782909,-0.219891643,0.018816535,-0.019418086,-0.20671301,0.121555202,-0.00613838,0.001641851,0.003298326,-0.003778191,0.006060014,-0.008667688,0.001475625,0.007467922,0.001301803,0.008280456,-0.020149748,-0.012390481
0.733371543,0.009173046,-0.013349324,0.00911295,0.006663567,-0.001105066,-0.003809498,0,0,-0.019480725,0.02874433,0.013613533,-0.48,1.346,-4,0.003086248,0.021089462,0.003679054,-0.014372775,0.00362436,0.038928663,-0.106361049,-0.043470519,-0.006254685,0.007734291,0.001658373,-0.00732852,0.421496936,0.954914418,0.534474816,-0.010460464,0.003403343,-0.002446105,0.00481951,-0.0206441,0.02311207,0.0020377,-0.0061235,-0.0072539,-0.005923026,-0.035551673,0.025024416,-0.006608508,-0.002376105,0.004309251,-0.01257509,-0.000340335,0.009676925,0,0,0,0,0,0,-0.025186599,0.026583256,-0.006636187,-0.005612911,-0.026085593,-0.01330539,-0.002763255,-0.01725786,0.006488528,0.445,-1.022,0.116,-0.341,0.521,-1.215,-3.501,1.022,4.129,0.002124826,-0.005319955,-0.004851285,0.019962946,-0.007037066,-0.020186099,0.004493876,0.015307991,-0.018166606,0.008295023,-0.009428205,-0.022935831,0.00014013,-0.003867677,0.007426237,0.039828273,-0.010665271,-0.050304531,0.162816504,0.110782909,-0.219891643,-0.004731583,-0.019418086,-0.20671301,0.009795128,-0.00613838,0.001641851,-0.005856972,-0.003778191,0.006060014,0.002688034,0.001475625,0.007467922,0.002659008,0.008280456,-0.020149748
0.3126631,-0.003501149,-0.00204123,-0.010131799,0.030212225,0.002122789,0.003766453,0,0,-0.022443854,0.01060442,0.010774467,-0.53,-1.176,-1.942,0.00821613,-0.00940825,0.011181293,0.0089807,0.008209452,-0.012491634,-0.005932766,0.1455568,0.011159707,0.001728692,0.006456472,0.015538934,0.733371543,0.421496936,0.954914418,0.009173046,-0.010460464,0.003403343,-0.0133493,0.00481951,-0.0206441,0.00911295,0.0020377,-0.0061235,0.006663567,-0.005923026,-0.035551673,-0.001105066,-0.006608508,-0.002376105,-0.003809498,-0.01257509,-0.000340335,0,0,0,0,0,0,-0.019480725,-0.025186599,0.026583256,0.02874433,-0.005612911,-0.026085593,0.013613533,-0.002763255,-0.01725786,-0.48,0.445,-1.022,1.346,-0.341,0.521,-4,-3.501,1.022,0.003086248,0.002124826,-0.005319955,0.021089462,0.019962946,-0.007037066,0.003679054,0.004493876,0.015307991,-0.014372775,0.008295023,-0.009428205,0.00362436,0.00014013,-0.003867677,0.038928663,0.039828273,-0.010665271,-0.106361049,0.162816504,0.110782909,-0.043470519,-0.004731583,-0.019418086,-0.006254685,0.009795128,-0.00613838,0.007734291,-0.005856972,-0.003778191,0.001658373,0.002688034,0.001475625,-0.00732852,0.002659008,0.008280456
1.240967322,0.00556856,-2.49E-05,0,-0.030101505,0.001020955,-3.19E-05,0,0,-0.016890373,0.012447949,0.024120078,0.246,1.066,-1.002,0.001873768,0.017048657,-0.00416425,-0.000814584,0.001016948,0.024416906,0.163546198,0.092923501,-0.014122582,0.003395805,-0.000538499,0.015859816,0.3126631,0.733371543,0.421496936,-0.003501149,0.009173046,-0.010460464,-0.0020412,-0.0133493,0.00481951,-0.0101318,0.00911295,0.0020377,0.030212225,0.006663567,-0.005923026,0.002122789,-0.001105066,-0.006608508,0.003766453,-0.003809498,-0.01257509,0,0,0,0,0,0,-0.022443854,-0.019480725,-0.025186599,0.01060442,0.02874433,-0.005612911,0.010774467,0.013613533,-0.002763255,-0.53,-0.48,0.445,-1.176,1.346,-0.341,-1.942,-4,-3.501,0.00821613,0.003086248,0.002124826,-0.00940825,0.021089462,0.019962946,0.011181293,0.003679054,0.004493876,0.0089807,-0.014372775,0.008295023,0.008209452,0.00362436,0.00014013,-0.012491634,0.038928663,0.039828273,-0.005932766,-0.106361049,0.162816504,0.1455568,-0.043470519,-0.004731583,0.011159707,-0.006254685,0.009795128,0.001728692,0.007734291,-0.005856972,0.006456472,0.001658373,0.002688034,0.015538934,-0.00732852,0.002659008
0.410256986,-0.01688387,-0.004972661,-0.003028776,0.000902599,-0.010648541,-0.002826102,0,0,-0.025695537,-0.00146204,0.011076715,0.136,2.001,2.889,0.008842967,0.014410231,0.020465831,0.001547143,0.011297122,0.02975594,-0.060894074,-0.097281382,0.000400233,-0.004109302,0.011837929,0.008432168,1.240967322,0.3126631,0.733371543,0.00556856,-0.003501149,0.009173046,-2.49E-05,-0.0020412,-0.0133493,0,-0.0101318,0.00911295,-0.030101505,0.030212225,0.006663567,0.001020955,0.002122789,-0.001105066,-3.19E-05,0.003766453,-0.003809498,0,0,0,0,0,0,-0.016890373,-0.022443854,-0.019480725,0.012447949,0.01060442,0.02874433,0.024120078,0.010774467,0.013613533,0.246,-0.53,-0.48,1.066,-1.176,1.346,-1.002,-1.942,-4,0.001873768,0.00821613,0.003086248,0.017048657,-0.00940825,0.021089462,-0.00416425,0.011181293,0.003679054,-0.000814584,0.0089807,-0.014372775,0.001016948,0.008209452,0.00362436,0.024416906,-0.012491634,0.038928663,0.163546198,-0.005932766,-0.106361049,0.092923501,0.1455568,-0.043470519,-0.014122582,0.011159707,-0.006254685,0.003395805,0.001728692,0.007734291,-0.000538499,0.006456472,0.001658373,0.015859816,0.015538934,-0.00732852
0.713924501,0.014562178,0.009871748,0.010081702,-6.13E-05,0.010616885,-0.000938497,0,0,0.028197411,-0.005610094,-0.005414198,0.479,-0.215,-2.289,0.004101527,0.017254109,-0.001695728,0.016382299,-0.003180657,0.023339667,0.041413633,-0.056559148,0.000402644,0.001898106,-0.002290871,-0.006893455,0.410256986,1.240967322,0.3126631,-0.01688387,0.00556856,-0.003501149,-0.0049727,-2.49E-05,-0.0020412,-0.0030288,0,-0.0101318,0.000902599,-0.030101505,0.030212225,-0.010648541,0.001020955,0.002122789,-0.002826102,-3.19E-05,0.003766453,0,0,0,0,0,0,-0.025695537,-0.016890373,-0.022443854,-0.00146204,0.012447949,0.01060442,0.011076715,0.024120078,0.010774467,0.136,0.246,-0.53,2.001,1.066,-1.176,2.889,-1.002,-1.942,0.008842967,0.001873768,0.00821613,0.014410231,0.017048657,-0.00940825,0.020465831,-0.00416425,0.011181293,0.001547143,-0.000814584,0.0089807,0.011297122,0.001016948,0.008209452,0.02975594,0.024416906,-0.012491634,-0.060894074,0.163546198,-0.005932766,-0.097281382,0.092923501,0.1455568,0.000400233,-0.014122582,0.011159707,-0.004109302,0.003395805,0.001728692,0.011837929,-0.000538499,0.006456472,0.008432168,0.015859816,0.015538934
0.304414238,-0.002307957,0.003787,-0.009062977,0.025454349,0.002041682,0.003707112,0,0,0.044392696,0.040198598,-0.040309282,-1.068,-2.217,-1.574,0.007434978,-0.021318889,0.018206915,0.008909064,0.013463189,-0.029361363,-0.031920719,0.120323978,0.008419215,-0.007304136,0.006445691,-0.014195917,0.713924501,0.410256986,1.240967322,0.014562178,-0.01688387,0.00556856,0.00987175,-0.0049727,-2.49E-05,0.0100817,-0.0030288,0,-6.13E-05,0.000902599,-0.030101505,0.010616885,-0.010648541,0.001020955,-0.000938497,-0.002826102,-3.19E-05,0,0,0,0,0,0,0.028197411,-0.025695537,-0.016890373,-0.005610094,-0.00146204,0.012447949,-0.005414198,0.011076715,0.024120078,0.479,0.136,0.246,-0.215,2.001,1.066,-2.289,2.889,-1.002,0.004101527,0.008842967,0.001873768,0.017254109,0.014410231,0.017048657,-0.001695728,0.020465831,-0.00416425,0.016382299,0.001547143,-0.000814584,-0.003180657,0.011297122,0.001016948,0.023339667,0.02975594,0.024416906,0.041413633,-0.060894074,0.163546198,-0.056559148,-0.097281382,0.092923501,0.000402644,0.000400233,-0.014122582,0.001898106,-0.004109302,0.003395805,-0.002290871,0.011837929,-0.000538499,-0.006893455,0.008432168,0.015859816
0.606062461,0.004316546,-0.010755989,0.010026126,-0.040134688,-0.003205703,-0.002797118,0,0,0.007113426,0.029980576,0.002427243,-0.04,2.412,-1.278,-0.00329722,0.055746204,-0.000906142,-0.016445476,-0.00852382,0.093258183,0.065505172,-0.087739728,-0.005521839,0.005622054,0.005468564,0.025388915,0.304414238,0.713924501,0.410256986,-0.002307957,0.014562178,-0.01688387,0.003787,0.00987175,-0.0049727,-0.009063,0.0100817,-0.0030288,0.025454349,-6.13E-05,0.000902599,0.002041682,0.010616885,-0.010648541,0.003707112,-0.000938497,-0.002826102,0,0,0,0,0,0,0.044392696,0.028197411,-0.025695537,0.040198598,-0.005610094,-0.00146204,-0.040309282,-0.005414198,0.011076715,-1.068,0.479,0.136,-2.217,-0.215,2.001,-1.574,-2.289,2.889,0.007434978,0.004101527,0.008842967,-0.021318889,0.017254109,0.014410231,0.018206915,-0.001695728,0.020465831,0.008909064,0.016382299,0.001547143,0.013463189,-0.003180657,0.011297122,-0.029361363,0.023339667,0.02975594,-0.031920719,0.041413633,-0.060894074,0.120323978,-0.056559148,-0.097281382,0.008419215,0.000402644,0.000400233,-0.007304136,0.001898106,-0.004109302,0.006445691,-0.002290871,0.011837929,-0.014195917,-0.006893455,0.008432168
0.100654261,-0.010990313,0.003837757,-0.009014577,0.018566726,-0.004184066,0.001832254,0,0,0.010181546,-0.000357728,0.008837103,1.337,1.676,2.342,0.012248727,0.031476832,0.015686596,-0.007317382,0.016239935,0.012213057,0.022801057,0.227660918,0.005590001,0.002283597,0.008924761,0.01689971,0.606062461,0.304414238,0.713924501,0.004316546,-0.002307957,0.014562178,-0.010756,0.003787,0.00987175,0.01002613,-0.009063,0.0100817,-0.040134688,0.025454349,-6.13E-05,-0.003205703,0.002041682,0.010616885,-0.002797118,0.003707112,-0.000938497,0,0,0,0,0,0,0.007113426,0.044392696,0.028197411,0.029980576,0.040198598,-0.005610094,0.002427243,-0.040309282,-0.005414198,-0.04,-1.068,0.479,2.412,-2.217,-0.215,-1.278,-1.574,-2.289,-0.00329722,0.007434978,0.004101527,0.055746204,-0.021318889,0.017254109,-0.000906142,0.018206915,-0.001695728,-0.016445476,0.008909064,0.016382299,-0.00852382,0.013463189,-0.003180657,0.093258183,-0.029361363,0.023339667,0.065505172,-0.031920719,0.041413633,-0.087739728,0.120323978,-0.056559148,-0.005521839,0.008419215,0.000402644,0.005622054,-0.007304136,0.001898106,0.005468564,0.006445691,-0.002290871,0.025388915,-0.014195917,-0.006893455
0.701757266,0.009754986,-0.00770067,0.005981074,0.00496673,0.003099673,-0.008289426,0,0,0.01116553,-0.006511192,0.028124952,0.496,-1.696,1.875,0.003406684,0.002365347,0.004985233,0.012898822,-0.003633697,-0.020592866,0.147581245,0.003771353,0.004166291,0.000497227,0.004667943,-0.013266246,0.100654261,0.606062461,0.304414238,-0.010990313,0.004316546,-0.002307957,0.00383776,-0.010756,0.003787,-0.0090146,0.01002613,-0.009063,0.018566726,-0.040134688,0.025454349,-0.004184066,-0.003205703,0.002041682,0.001832254,-0.002797118,0.003707112,0,0,0,0,0,0,0.010181546,0.007113426,0.044392696,-0.000357728,0.029980576,0.040198598,0.008837103,0.002427243,-0.040309282,1.337,-0.04,-1.068,1.676,2.412,-2.217,2.342,-1.278,-1.574,0.012248727,-0.00329722,0.007434978,0.031476832,0.055746204,-0.021318889,0.015686596,-0.000906142,0.018206915,-0.007317382,-0.016445476,0.008909064,0.016239935,-0.00852382,0.013463189,0.012213057,0.093258183,-0.029361363,0.022801057,0.065505172,-0.031920719,0.227660918,-0.087739728,0.120323978,0.005590001,-0.005521839,0.008419215,0.002283597,0.005622054,-0.007304136,0.008924761,0.005468564,0.006445691,0.01689971,0.025388915,-0.014195917
0,-0.001184182,0.009568528,-0.012966646,0.015762885,0.002026708,0.006446951,0,0,0.002317386,0.015812073,0.023800707,0.907,5.909,-6.227,0.003703509,0.01332531,-0.005985269,-0.013370133,0.008841739,0.036053848,-0.176112176,0.005470062,-0.0010255,0.001864551,0.008346921,-0.008394084,0.701757266,0.100654261,0.606062461,0.009754986,-0.010990313,0.004316546,-0.0077007,0.00383776,-0.010756,0.00598107,-0.0090146,0.01002613,0.00496673,0.018566726,-0.040134688,0.003099673,-0.004184066,-0.003205703,-0.008289426,0.001832254,-0.002797118,0,0,0,0,0,0,0.01116553,0.010181546,0.007113426,-0.006511192,-0.000357728,0.029980576,0.028124952,0.008837103,0.002427243,0.496,1.337,-0.04,-1.696,1.676,2.412,1.875,2.342,-1.278,0.003406684,0.012248727,-0.00329722,0.002365347,0.031476832,0.055746204,0.004985233,0.015686596,-0.000906142,0.012898822,-0.007317382,-0.016445476,-0.003633697,0.016239935,-0.00852382,-0.020592866,0.012213057,0.093258183,0.147581245,0.022801057,0.065505172,0.003771353,0.227660918,-0.087739728,0.004166291,0.005590001,-0.005521839,0.000497227,0.002283597,0.005622054,0.004667943,0.008924761,0.005468564,-0.013266246,0.01689971,0.025388915
0.099850233,0.003077115,-0.014339049,0.020926017,-0.025593997,-0.001070395,-0.001844165,0,0,-0.005220392,-0.006619305,0.015477593,0.299,1.299,2.475,0.004548966,0.010924776,0.022576874,-0.00138271,0.005048101,0.003828182,0.016575253,0.097117199,-0.001205341,-0.002307495,0.008288438,0.013231952,0,0.701757266,0.100654261,-0.001184182,0.009754986,-0.010990313,0.00956853,-0.0077007,0.00383776,-0.0129666,0.00598107,-0.0090146,0.015762885,0.00496673,0.018566726,0.002026708,0.003099673,-0.004184066,0.006446951,-0.008289426,0.001832254,0,0,0,0,0,0,0.002317386,0.01116553,0.010181546,0.015812073,-0.006511192,-0.000357728,0.023800707,0.028124952,0.008837103,0.907,0.496,1.337,5.909,-1.696,1.676,-6.227,1.875,2.342,0.003703509,0.003406684,0.012248727,0.01332531,0.002365347,0.031476832,-0.005985269,0.004985233,0.015686596,-0.013370133,0.012898822,-0.007317382,0.008841739,-0.003633697,0.016239935,0.036053848,-0.020592866,0.012213057,-0.176112176,0.147581245,0.022801057,0.005470062,0.003771353,0.227660918,-0.0010255,0.004166291,0.005590001,0.001864551,0.000497227,0.002283597,0.008346921,0.004667943,0.008924761,-0.008394084,-0.013266246,0.01689971
-0.701054449,-0.009579465,0.005730675,-0.017899811,0.006862247,-0.00511614,-0.003680702,0,0,-0.019279941,0.017971384,0.012641728,1.206,-1.512,4.787,0.01016014,0.017934053,0.012325903,0.00781558,0.01081564,0.019795658,0.053085464,-0.040053868,-0.005039177,-0.001490157,0.006983865,0.001853534,0.099850233,0,0.701757266,0.003077115,-0.001184182,0.009754986,-0.014339,0.00956853,-0.0077007,0.02092602,-0.0129666,0.00598107,-0.025593997,0.015762885,0.00496673,-0.001070395,0.002026708,0.003099673,-0.001844165,0.006446951,-0.008289426,0,0,0,0,0,0,-0.005220392,0.002317386,0.01116553,-0.006619305,0.015812073,-0.006511192,0.015477593,0.023800707,0.028124952,0.299,0.907,0.496,1.299,5.909,-1.696,2.475,-6.227,1.875,0.004548966,0.003703509,0.003406684,0.010924776,0.01332531,0.002365347,0.022576874,-0.005985269,0.004985233,-0.00138271,-0.013370133,0.012898822,0.005048101,0.008841739,-0.003633697,0.003828182,0.036053848,-0.020592866,0.016575253,-0.176112176,0.147581245,0.097117199,0.005470062,0.003771353,-0.001205341,-0.0010255,0.004166291,-0.002307495,0.001864551,0.000497227,0.008288438,0.008346921,0.004667943,0.013231952,-0.008394084,-0.013266246
0.601204216,0.007300786,-0.012530284,0.003963338,-0.002978623,0.002031484,-0.006498164,0,0,-0.011419559,0.065204094,-0.008242745,0.37,-3.238,4.224,0.002158697,0.029205783,-0.002280109,-0.001745906,-0.005522579,0.026308257,0.102890066,0.025633479,-0.000756425,-0.000566463,0.006633976,0.014133714,-0.701054449,0.099850233,0,-0.009579465,0.003077115,-0.001184182,0.00573067,-0.014339,0.00956853,-0.0178998,0.02092602,-0.0129666,0.006862247,-0.025593997,0.015762885,-0.00511614,-0.001070395,0.002026708,-0.003680702,-0.001844165,0.006446951,0,0,0,0,0,0,-0.019279941,-0.005220392,0.002317386,0.017971384,-0.006619305,0.015812073,0.012641728,0.015477593,0.023800707,1.206,0.299,0.907,-1.512,1.299,5.909,4.787,2.475,-6.227,0.01016014,0.004548966,0.003703509,0.017934053,0.010924776,0.01332531,0.012325903,0.022576874,-0.005985269,0.00781558,-0.00138271,-0.013370133,0.01081564,0.005048101,0.008841739,0.019795658,0.003828182,0.036053848,0.053085464,0.016575253,-0.176112176,-0.040053868,0.097117199,0.005470062,-0.005039177,-0.001205341,-0.0010255,-0.001490157,-0.002307495,0.001864551,0.006983865,0.008288438,0.008346921,0.001853534,0.013231952,-0.008394084
0,-0.003202668,-0.001141804,-0.001995009,-0.004024659,-0.005082854,0.002726404,0,0,-0.069050613,0.074328065,0.024400826,2.252,2.294,-5.9,0.005903189,0.002718051,0.009877388,0.008394407,0.000994364,-0.02971155,-0.01219256,0.013546433,0.001292639,0.003234149,0.004426815,0.011593571,0.601204216,-0.701054449,0.099850233,0.007300786,-0.009579465,0.003077115,-0.0125303,0.00573067,-0.014339,0.00396334,-0.0178998,0.02092602,-0.002978623,0.006862247,-0.025593997,0.002031484,-0.00511614,-0.001070395,-0.006498164,-0.003680702,-0.001844165,0,0,0,0,0,0,-0.011419559,-0.019279941,-0.005220392,0.065204094,0.017971384,-0.006619305,-0.008242745,0.012641728,0.015477593,0.37,1.206,0.299,-3.238,-1.512,1.299,4.224,4.787,2.475,0.002158697,0.01016014,0.004548966,0.029205783,0.017934053,0.010924776,-0.002280109,0.012325903,0.022576874,-0.001745906,0.00781558,-0.00138271,-0.005522579,0.01081564,0.005048101,0.026308257,0.019795658,0.003828182,0.102890066,0.053085464,0.016575253,0.025633479,-0.040053868,0.097117199,-0.000756425,-0.005039177,-0.001205341,-0.000566463,-0.001490157,-0.002307495,0.006633976,0.006983865,0.008288438,0.014133714,0.001853534,0.013231952
0.199600865,-0.001078462,0.013672088,0.002989539,0.005967077,0.004065042,0.009337972,0,0,-0.01834472,0.007356946,0.01997671,0.473,-1.45,4.015,0.00846764,0.034031684,0.023020651,0.000994275,0.005745611,0.054435207,-0.223113705,-0.130960261,-0.002022585,-0.008305256,0.005674523,0.018741211,0,0.601204216,-0.701054449,-0.003202668,0.007300786,-0.009579465,-0.0011418,-0.0125303,0.00573067,-0.001995,0.00396334,-0.0178998,-0.004024659,-0.002978623,0.006862247,-0.005082854,0.002031484,-0.00511614,0.002726404,-0.006498164,-0.003680702,0,0,0,0,0,0,-0.069050613,-0.011419559,-0.019279941,0.074328065,0.065204094,0.017971384,0.024400826,-0.008242745,0.012641728,2.252,0.37,1.206,2.294,-3.238,-1.512,-5.9,4.224,4.787,0.005903189,0.002158697,0.01016014,0.002718051,0.029205783,0.017934053,0.009877388,-0.002280109,0.012325903,0.008394407,-0.001745906,0.00781558,0.000994364,-0.005522579,0.01081564,-0.02971155,0.026308257,0.019795658,-0.01219256,0.102890066,0.053085464,0.013546433,0.025633479,-0.040053868,0.001292639,-0.000756425,-0.005039177,0.003234149,-0.000566463,-0.001490157,0.004426815,0.006633976,0.006983865,0.011593571,0.014133714,0.001853534
-0.499751165,-0.006179216,-0.005917177,0,0.006021078,-0.005082854,-0.008423043,0,0,0.009043646,0.016675494,0.018058137,1.617,1.963,0.487,0.012805588,0.022213263,0.016858433,0.007107464,0.007142989,0.02525779,0.044795585,0.043343729,0.002992239,0.008620076,0.004318446,0.02847719,0.199600865,0,0.601204216,-0.001078462,-0.003202668,0.007300786,0.01367209,-0.0011418,-0.0125303,0.00298954,-0.001995,0.00396334,0.005967077,-0.004024659,-0.002978623,0.004065042,-0.005082854,0.002031484,0.009337972,0.002726404,-0.006498164,0,0,0,0,0,0,-0.01834472,-0.069050613,-0.011419559,0.007356946,0.074328065,0.065204094,0.01997671,0.024400826,-0.008242745,0.473,2.252,0.37,-1.45,2.294,-3.238,4.015,-5.9,4.224,0.00846764,0.005903189,0.002158697,0.034031684,0.002718051,0.029205783,0.023020651,0.009877388,-0.002280109,0.000994275,0.008394407,-0.001745906,0.005745611,0.000994364,-0.005522579,0.054435207,-0.02971155,0.026308257,-0.223113705,-0.01219256,0.102890066,-0.130960261,0.013546433,0.025633479,-0.002022585,0.001292639,-0.000756425,-0.008305256,0.003234149,-0.000566463,0.005674523,0.004426815,0.006633976,0.018741211,0.011593571,0.014133714
0.599402394,0.014271394,-0.005022763,0.002989539,0.000989466,0.013182132,-3.17E-05,0,0,-0.004463329,0.010430578,-0.007514458,-1.786,0.689,2.715,0.000556808,0.022143178,0.016093314,-0.013507331,0.003673946,0.020927281,0.050026082,0.186774336,-0.003507485,-0.000557818,0.007404129,-0.016342306,-0.499751165,0.199600865,0,-0.006179216,-0.001078462,-0.003202668,-0.0059172,0.01367209,-0.0011418,0,0.00298954,-0.001995,0.006021078,0.005967077,-0.004024659,-0.005082854,0.004065042,-0.005082854,-0.008423043,0.009337972,0.002726404,0,0,0,0,0,0,0.009043646,-0.01834472,-0.069050613,0.016675494,0.007356946,0.074328065,0.018058137,0.01997671,0.024400826,1.617,0.473,2.252,1.963,-1.45,2.294,0.487,4.015,-5.9,0.012805588,0.00846764,0.005903189,0.022213263,0.034031684,0.002718051,0.016858433,0.023020651,0.009877388,0.007107464,0.000994275,0.008394407,0.007142989,0.005745611,0.000994364,0.02525779,0.054435207,-0.02971155,0.044795585,-0.223113705,-0.01219256,0.043343729,-0.130960261,0.013546433,0.002992239,-0.002022585,0.001292639,0.008620076,-0.008305256,0.003234149,0.004318446,0.005674523,0.004426815,0.02847719,0.018741211,0.011593571
0.49677201,-0.011239558,0.005927398,-0.003985059,0.002961733,-0.0081177,0.003759373,0,0,0.017889268,-0.005482922,-0.057887342,-0.847,0.881,1.373,0.010865069,0.04266991,-0.009827609,0.021449228,0.003716795,0.012099456,0.051903899,-0.030641075,0.00547867,-0.005570656,0.003237589,-0.014158657,0.599402394,-0.499751165,0.199600865,0.014271394,-0.006179216,-0.001078462,-0.0050228,-0.0059172,0.01367209,0.00298954,0,0.00298954,0.000989466,0.006021078,0.005967077,0.013182132,-0.005082854,0.004065042,-3.17E-05,-0.008423043,0.009337972,0,0,0,0,0,0,-0.004463329,0.009043646,-0.01834472,0.010430578,0.016675494,0.007356946,-0.007514458,0.018058137,0.01997671,-1.786,1.617,0.473,0.689,1.963,-1.45,2.715,0.487,4.015,0.000556808,0.012805588,0.00846764,0.022143178,0.022213263,0.034031684,0.016093314,0.016858433,0.023020651,-0.013507331,0.007107464,0.000994275,0.003673946,0.007142989,0.005745611,0.020927281,0.02525779,0.054435207,0.050026082,0.044795585,-0.223113705,0.186774336,0.043343729,-0.130960261,-0.003507485,0.002992239,-0.002022585,-0.000557818,0.008620076,-0.008305256,0.007404129,0.004318446,0.005674523,-0.016342306,0.02847719,0.018741211
0.592887112,0.005008408,0.007020575,-0.003997001,-0.01492198,0.00200197,0.011306625,0,0,0.004975685,-0.045051644,-0.017167605,0.029,0.072,1.479,0.008141113,0.022476516,0.00192757,0.001356959,0.007509745,0.002963196,-0.016141169,0.000861424,-0.001959668,0.004513511,0.001562886,0.011322589,0.49677201,0.599402394,-0.499751165,-0.011239558,0.014271394,-0.006179216,0.0059274,-0.0050228,-0.0059172,-0.0039851,0.00298954,0,0.002961733,0.000989466,0.006021078,-0.0081177,0.013182132,-0.005082854,0.003759373,-3.17E-05,-0.008423043,0,0,0,0,0,0,0.017889268,-0.004463329,0.009043646,-0.005482922,0.010430578,0.016675494,-0.057887342,-0.007514458,0.018058137,-0.847,-1.786,1.617,0.881,0.689,1.963,1.373,2.715,0.487,0.010865069,0.000556808,0.012805588,0.04266991,0.022143178,0.022213263,-0.009827609,0.016093314,0.016858433,0.021449228,-0.013507331,0.007107464,0.003716795,0.003673946,0.007142989,0.012099456,0.020927281,0.02525779,0.051903899,0.050026082,0.044795585,-0.030641075,0.186774336,0.043343729,0.00547867,-0.003507485,0.002992239,-0.005570656,-0.000557818,0.008620076,0.003237589,0.007404129,0.004318446,-0.014158657,-0.016342306,0.02847719
0.49140148,-0.007039744,0.001995977,0.002988513,0.000942668,-0.003014567,-0.003808774,0,-0.693147181,0.012147795,-0.000957845,-0.08151132,-0.16,-0.427,2.805,0.011870295,0.018099031,0.011165322,0.000378358,0.013171925,-0.000311502,0.23237949,0.148007365,-0.004613398,-0.003545108,0.004706523,0.008009786,0.592887112,0.49677201,0.599402394,0.005008408,-0.011239558,0.014271394,0.00702057,0.0059274,-0.0050228,-0.003997,-0.0039851,0.00298954,-0.01492198,0.002961733,0.000989466,0.00200197,-0.0081177,0.013182132,0.011306625,0.003759373,-3.17E-05,0,0,0,0,0,0,0.004975685,0.017889268,-0.004463329,-0.045051644,-0.005482922,0.010430578,-0.017167605,-0.057887342,-0.007514458,0.029,-0.847,-1.786,0.072,0.881,0.689,1.479,1.373,2.715,0.008141113,0.010865069,0.000556808,0.022476516,0.04266991,0.022143178,0.00192757,-0.009827609,0.016093314,0.001356959,0.021449228,-0.013507331,0.007509745,0.003716795,0.003673946,0.002963196,0.012099456,0.020927281,-0.016141169,0.051903899,0.050026082,0.000861424,-0.030641075,0.186774336,-0.001959668,0.00547867,-0.003507485,0.004513511,-0.005570656,-0.000557818,0.001562886,0.003237589,0.007404129,0.011322589,-0.014158657,-0.016342306
1.169603976,0.008949831,0.001972104,0.005008518,0.009027624,0.008958739,0.005514032,0,0,0.002306405,0.042871767,-0.028828301,0.063,-0.043,3.704,4.82E-05,0.009069214,0.010115856,0.012375038,-0.001782724,-0.014593072,-0.169167848,-0.108683818,0.000981128,-0.000882795,0.007387179,-0.021193628,0.49140148,0.592887112,0.49677201,-0.007039744,0.005008408,-0.011239558,0.00199598,0.00702057,0.0059274,0.00298851,-0.003997,-0.0039851,0.000942668,-0.01492198,0.002961733,-0.003014567,0.00200197,-0.0081177,-0.003808774,0.011306625,0.003759373,0,0,0,-0.693147181,0,0,0.012147795,0.004975685,0.017889268,-0.000957845,-0.045051644,-0.005482922,-0.08151132,-0.017167605,-0.057887342,-0.16,0.029,-0.847,-0.427,0.072,0.881,2.805,1.479,1.373,0.011870295,0.008141113,0.010865069,0.018099031,0.022476516,0.04266991,0.011165322,0.00192757,-0.009827609,0.000378358,0.001356959,0.021449228,0.013171925,0.007509745,0.003716795,-0.000311502,0.002963196,0.012099456,0.23237949,-0.016141169,0.051903899,0.148007365,0.000861424,-0.030641075,-0.004613398,-0.001959668,0.00547867,-0.003545108,0.004513511,-0.005570656,0.004706523,0.001562886,0.003237589,0.008009786,0.011322589,-0.014158657
0.483326219,-0.007972091,0.008809765,0.010898396,0.01787132,-0.002062866,-0.001034322,0,0,-0.00610628,0.012873837,0.006629076,-0.57,-0.493,1.231,0.007364801,0.032628014,0.020869003,-0.002665691,0.004442614,0.039059595,0.047712389,0.006124729,0.004395211,0.002066915,0.004245011,-0.004335148,1.169603976,0.49140148,0.592887112,0.008949831,-0.007039744,0.005008408,0.0019721,0.00199598,0.00702057,0.00500852,0.00298851,-0.003997,0.009027624,0.000942668,-0.01492198,0.008958739,-0.003014567,0.00200197,0.005514032,-0.003808774,0.011306625,0,0,0,0,-0.693147181,0,0.002306405,0.012147795,0.004975685,0.042871767,-0.000957845,-0.045051644,-0.028828301,-0.08151132,-0.017167605,0.063,-0.16,0.029,-0.043,-0.427,0.072,3.704,2.805,1.479,4.82E-05,0.011870295,0.008141113,0.009069214,0.018099031,0.022476516,0.010115856,0.011165322,0.00192757,0.012375038,0.000378358,0.001356959,-0.001782724,0.013171925,0.007509745,-0.014593072,-0.000311502,0.002963196,-0.169167848,0.23237949,-0.016141169,-0.108683818,0.148007365,0.000861424,0.000981128,-0.004613398,-0.001959668,-0.000882795,-0.003545108,0.004513511,0.007387179,0.004706523,0.001562886,-0.021193628,0.008009786,0.011322589
0.86414364,-3.91E-06,-0.011854757,-0.009965892,-0.007167263,-0.005932739,-0.002814442,0,0,0.016163563,-0.016083157,0.01126508,-0.464,0.116,-1.605,0.003882956,-0.037404292,0.014075768,0.011021876,0.006883879,-0.145535972,0.008781583,0.055670501,-0.006098984,0.000551522,0.002610003,0.022713312,0.483326219,1.169603976,0.49140148,-0.007972091,0.008949831,-0.007039744,0.00880976,0.0019721,0.00199598,0.0108984,0.00500852,0.00298851,0.01787132,0.009027624,0.000942668,-0.002062866,0.008958739,-0.003014567,-0.001034322,0.005514032,-0.003808774,0,0,0,0,0,-0.693147181,-0.00610628,0.002306405,0.012147795,0.012873837,0.042871767,-0.000957845,0.006629076,-0.028828301,-0.08151132,-0.57,0.063,-0.16,-0.493,-0.043,-0.427,1.231,3.704,2.805,0.007364801,4.82E-05,0.011870295,0.032628014,0.009069214,0.018099031,0.020869003,0.010115856,0.011165322,-0.002665691,0.012375038,0.000378358,0.004442614,-0.001782724,0.013171925,0.039059595,-0.014593072,-0.000311502,0.047712389,-0.169167848,0.23237949,0.006124729,-0.108683818,0.148007365,0.004395211,0.000981128,-0.004613398,0.002066915,-0.000882795,-0.003545108,0.004245011,0.007387179,0.004706523,-0.004335148,-0.021193628,0.008009786
0.095556625,-0.004937299,0.001935069,0.003890816,-0.005934421,-0.000983764,-0.002753999,0,0,0.042382298,-0.042020345,-0.019161213,0.924,-1.567,-0.04,0.005047531,0.027892606,0.004033816,0.003959852,0.001451831,0.052071014,-0.016547699,-0.04833561,0.002435147,-0.00378049,0.005163835,-0.000145741,0.86414364,0.483326219,1.169603976,-3.91E-06,-0.007972091,0.008949831,-0.0118548,0.00880976,0.0019721,-0.0099659,0.0108984,0.00500852,-0.007167263,0.01787132,0.009027624,-0.005932739,-0.002062866,0.008958739,-0.002814442,-0.001034322,0.005514032,0,0,0,0,0,0,0.016163563,-0.00610628,0.002306405,-0.016083157,0.012873837,0.042871767,0.01126508,0.006629076,-0.028828301,-0.464,-0.57,0.063,0.116,-0.493,-0.043,-1.605,1.231,3.704,0.003882956,0.007364801,4.82E-05,-0.037404292,0.032628014,0.009069214,0.014075768,0.020869003,0.010115856,0.011021876,-0.002665691,0.012375038,0.006883879,0.004442614,-0.001782724,-0.145535972,0.039059595,-0.014593072,0.008781583,0.047712389,-0.169167848,0.055670501,0.006124729,-0.108683818,-0.006098984,0.004395211,0.000981128,0.000551522,0.002066915,-0.000882795,0.002610003,0.004245011,0.007387179,0.022713312,-0.004335148,-0.021193628
0.9505775,0.011825652,0.006716951,-0.003936773,-0.010648164,0.006831667,0.003563906,0,0.693147181,0.006564211,0.008078286,0.015232339,-1.325,0.669,-1.558,0.003435969,0.010239621,0.008872358,0.007949253,-0.001337136,-0.000417345,0.022138108,-0.049028779,-0.005042418,0.002896518,0.004000164,0.003862378,0.095556625,0.86414364,0.483326219,-0.004937299,-3.91E-06,-0.007972091,0.00193507,-0.0118548,0.00880976,0.00389082,-0.0099659,0.0108984,-0.005934421,-0.007167263,0.01787132,-0.000983764,-0.005932739,-0.002062866,-0.002753999,-0.002814442,-0.001034322,0,0,0,0,0,0,0.042382298,0.016163563,-0.00610628,-0.042020345,-0.016083157,0.012873837,-0.019161213,0.01126508,0.006629076,0.924,-0.464,-0.57,-1.567,0.116,-0.493,-0.04,-1.605,1.231,0.005047531,0.003882956,0.007364801,0.027892606,-0.037404292,0.032628014,0.004033816,0.014075768,0.020869003,0.003959852,0.011021876,-0.002665691,0.001451831,0.006883879,0.004442614,0.052071014,-0.145535972,0.039059595,-0.016547699,0.008781583,0.047712389,-0.04833561,0.055670501,0.006124729,0.002435147,-0.006098984,0.004395211,-0.00378049,0.000551522,0.002066915,0.005163835,0.002610003,0.004245011,-0.000145741,0.022713312,-0.004335148
0.566039247,0.000893488,-0.001081851,-0.002920653,0.015429299,0.000904222,-0.001841005,0,0,0.012584447,-0.033024651,0.016300261,0.552,3.041,-5.495,0.004917242,0.011215747,-0.005804024,0.004961052,0.004892303,-0.000501044,-0.075295185,-0.120886179,0.005300521,0.003026612,0.000590525,0.001660891,0.9505775,0.095556625,0.86414364,0.011825652,-0.004937299,-3.91E-06,0.00671695,0.00193507,-0.0118548,-0.0039368,0.00389082,-0.0099659,-0.010648164,-0.005934421,-0.007167263,0.006831667,-0.000983764,-0.005932739,0.003563906,-0.002753999,-0.002814442,0,0,0,0.693147181,0,0,0.006564211,0.042382298,0.016163563,0.008078286,-0.042020345,-0.016083157,0.015232339,-0.019161213,0.01126508,-1.325,0.924,-0.464,0.669,-1.567,0.116,-1.558,-0.04,-1.605,0.003435969,0.005047531,0.003882956,0.010239621,0.027892606,-0.037404292,0.008872358,0.004033816,0.014075768,0.007949253,0.003959852,0.011021876,-0.001337136,0.001451831,0.006883879,-0.000417345,0.052071014,-0.145535972,0.022138108,-0.016547699,0.008781583,-0.049028779,-0.04833561,0.055670501,-0.005042418,0.002435147,-0.006098984,0.002896518,-0.00378049,0.000551522,0.004000164,0.005163835,0.002610003,0.003862378,-0.000145741,0.022713312
0.562853268,-0.003947833,-0.004819456,-0.000970403,-0.014438522,-0.004866902,0.003488624,0,0,-0.01053627,0.021968706,0.002216449,-0.889,-0.535,3.739,0.005482497,0.014761294,0.009088199,0.001744209,0.0054416,0.004250892,0.064491804,0.100958934,-0.000406681,-0.004532138,0.004066722,0.009846322,0.566039247,0.9505775,0.095556625,0.000893488,0.011825652,-0.004937299,-0.0010819,0.00671695,0.00193507,-0.0029207,-0.0039368,0.00389082,0.015429299,-0.010648164,-0.005934421,0.000904222,0.006831667,-0.000983764,-0.001841005,0.003563906,-0.002753999,0,0,0,0,0.693147181,0,0.012584447,0.006564211,0.042382298,-0.033024651,0.008078286,-0.042020345,0.016300261,0.015232339,-0.019161213,0.552,-1.325,0.924,3.041,0.669,-1.567,-5.495,-1.558,-0.04,0.004917242,0.003435969,0.005047531,0.011215747,0.010239621,0.027892606,-0.005804024,0.008872358,0.004033816,0.004961052,0.007949253,0.003959852,0.004892303,-0.001337136,0.001451831,-0.000501044,-0.000417345,0.052071014,-0.075295185,0.022138108,-0.016547699,-0.120886179,-0.049028779,-0.04833561,0.005300521,-0.005042418,0.002435147,0.003026612,0.002896518,-0.00378049,0.000590525,0.004000164,0.005163835,0.001660891,0.003862378,-0.000145741
-0.187265972,-0.001954772,0.005585891,0.003872222,0.0028777,0.000941716,-0.00358722,0,0.405465108,-0.00373651,0.021278206,-0.015928701,0.556,1.83,1.266,0.003764666,-0.014761294,0.011980528,0.001983181,0.005057269,-0.084934188,0.016477604,0.029900374,-9.05E-05,5.99E-05,0.006889609,0.001899214,0.562853268,0.566039247,0.9505775,-0.003947833,0.000893488,0.011825652,-0.0048195,-0.0010819,0.00671695,-0.0009704,-0.0029207,-0.0039368,-0.014438522,0.015429299,-0.010648164,-0.004866902,0.000904222,0.006831667,0.003488624,-0.001841005,0.003563906,0,0,0,0,0,0.693147181,-0.01053627,0.012584447,0.006564211,0.021968706,-0.033024651,0.008078286,0.002216449,0.016300261,0.015232339,-0.889,0.552,-1.325,-0.535,3.041,0.669,3.739,-5.495,-1.558,0.005482497,0.004917242,0.003435969,0.014761294,0.011215747,0.010239621,0.009088199,-0.005804024,0.008872358,0.001744209,0.004961052,0.007949253,0.0054416,0.004892303,-0.001337136,0.004250892,-0.000501044,-0.000417345,0.064491804,-0.075295185,0.022138108,0.100958934,-0.120886179,-0.049028779,-0.000406681,0.005300521,-0.005042418,-0.004532138,0.003026612,0.002896518,0.004066722,0.000590525,0.004000164,0.009846322,0.001660891,0.003862378
1.025650017,0.004763047,-0.005681118,-0.000977864,-0.006747014,0.001878291,-3.75E-05,0,0,-0.009467972,0.013772447,9.50E-05,-1.462,0.366,3.081,0.002952023,0.032505443,0.003264404,0.003201114,-0.000624035,0.04523095,0.05862055,0.146091317,0.002918835,0.003716979,0.002223467,0.008422383,-0.187265972,0.562853268,0.566039247,-0.001954772,-0.003947833,0.000893488,0.00558589,-0.0048195,-0.0010819,0.00387222,-0.0009704,-0.0029207,0.0028777,-0.014438522,0.015429299,0.000941716,-0.004866902,0.000904222,-0.00358722,0.003488624,-0.001841005,0,0,0,0.405465108,0,0,-0.00373651,-0.01053627,0.012584447,0.021278206,0.021968706,-0.033024651,-0.015928701,0.002216449,0.016300261,0.556,-0.889,0.552,1.83,-0.535,3.041,1.266,3.739,-5.495,0.003764666,0.005482497,0.004917242,-0.014761294,0.014761294,0.011215747,0.011980528,0.009088199,-0.005804024,0.001983181,0.001744209,0.004961052,0.005057269,0.0054416,0.004892303,-0.084934188,0.004250892,-0.000501044,0.016477604,0.064491804,-0.075295185,0.029900374,0.100958934,-0.120886179,-9.05E-05,-0.000406681,0.005300521,5.99E-05,-0.004532138,0.003026612,0.006889609,0.004066722,0.000590525,0.001899214,0.009846322,0.001660891
